serial_no,mto_no,ar_no,plant,tag_number,eq_class,occur_date,case_title,highest_impact,pre_risk,risk_score,pic_rca,overall_status,discipline,eq_type,component,f_mechanism,downtime_hrs,actual_loss_k_usd,potential_loss_k_usd,total_loss_k_usd,rca_due_date,month_year
103,MTO-2024-OPU-0103,NAN,OPU,BL-7186C,C,2024-01-04,BL-7186C Control Valve Leakage,UPSD / Delay Start-up,IV,40,ROT-02,MONITORING RESULT,ROT,BL,VALVE,Leakage,13.9,462.84,0.0,462.84,,Jan-2024
201,MTO-2024-OP3-0201,NAN,OP3,RX-7012B,A,2024-01-06,RX-7012B Solenoid Malfunction,Class A Eq. Breakdown,IV,60,REL-02,CA/PA EXECUTION,STA,RX,SOLENOID,Malfunction,0.7,18.3,42.93,61.23,2024-02-05,Jan-2024
191,MTO-2024-OPU-0191,NAN,OPU,TX-4689,B,2024-01-15,TX-4689 Seal Leakage,Class A Eq. Breakdown,III,200,ELE-02,NEW REGISTERED,INS,TX,SEAL,Leakage,21.2,415.07,29.92,444.99,2024-02-29,Jan-2024
55,MTO-2024-ARP-0055,AR-2024-ARP-0247,ARP,PU-4209,A,2024-01-23,PU-4209 Rotor High Vibration,UPSD / Delay Start-up,IV,6,ROT-01,RISK CANCELED,ROT,PU,ROTOR,High Vibration,0.8,32.47,0.0,32.47,,Jan-2024
206,MTO-2024-SMX-0206,NAN,SMX,BL-7977,A,2024-01-28,BL-7977 Gearbox High Vibration,Class A Eq. Breakdown,IV,40,ROT-02,RISK CLOSED,ROT,BL,GEARBOX,High Vibration,5.6,210.93,0.0,210.93,,Jan-2024
130,MTO-2024-BDX-0130,AR-2024-BDX-0076,BDX,CD-6044A,A,2024-01-29,CD-6044A Coupling Worn Out,Uptime Loss,IV,40,INS-02,CA/PA EXECUTION,STA,CD,COUPLING,Worn Out,16.3,257.59,24.38,281.97,2024-03-14,Jan-2024
305,MTO-2024-OP2-0305,NAN,OP2,CV-6240,B,2024-01-29,CV-6240 Solenoid Malfunction,Class A Eq. Breakdown,IV,40,INS-02,RISK CANCELED,INS,VA,SOLENOID,Malfunction,1.5,26.17,0.0,26.17,,Jan-2024
175,MTO-2024-BRP-0175,AR-2024-BRP-0200,BRP,AZ-6656C,A,2024-02-01,AZ-6656C Blade Breakage,Class A Eq. Breakdown,IV,40,REL-03,CA/PA EXECUTION,INS,SX,BLADE,Breakage,13.0,363.73,12.68,376.41,2024-04-01,Feb-2024
89,MTO-2024-BDX-0089,NAN,BDX,BL-8286,A,2024-02-04,BL-8286 Exchanger Fouling,Uptime Loss,II,4000,STA-02,RISK CLOSED,ROT,BL,TUBE BUNDLE,Fouling,14.8,273.07,0.0,273.07,,Feb-2024
369,MTO-2024-OPU-0369,NAN,OPU,TR-3824B,B,2024-02-04,TR-3824B Bearing Overheat,Uptime Loss,II,4000,OPS-01,CA/PA EXECUTION,ELE,TR,BEARING,Overheat,9.5,263.08,37.59,300.67,2024-03-20,Feb-2024
263,MTO-2024-OP3-0263,AR-2024-OP3-0129,OP3,AZ-8666,A,2024-02-06,AZ-8666 Shaft Crack,Class A Eq. Breakdown,IV,60,ROT-01,RISK CLOSED,INS,SX,SHAFT,Crack,15.6,524.53,0.0,524.53,,Feb-2024
289,MTO-2024-OPP-0289,NAN,OPP,PU-5056C,B,2024-02-10,PU-5056C Gasket Leakage,Uptime Loss,III,600,INS-01,RCA PROCESS,ROT,PU,GASKET,Leakage,4.0,75.93,49.15,125.08,2024-03-11,Feb-2024
197,MTO-2024-ARP-0197,NAN,ARP,FN-2268,B,2024-02-12,FN-2268 Solenoid Malfunction,Uptime Loss,III,400,STA-02,RISK CLOSED,ROT,FA,SOLENOID,Malfunction,8.2,148.14,0.0,148.14,,Feb-2024
149,MTO-2024-SMX-0149,NAN,SMX,PZ-3888C,A,2024-02-13,PZ-3888C Motor Low Performance,Uptime Loss,II,4000,OPS-01,RCA PROCESS,INS,PZ,MOTOR,Low Performance,15.0,299.22,10.69,309.91,2024-04-13,Feb-2024
199,MTO-2024-SMX-0199,AR-2024-SMX-0120,SMX,TX-6875,A,2024-02-14,TX-6875 Mechanical Seal Leak,Uptime Loss,III,200,INS-01,RISK CLOSED,ROT,TX,MECHANICAL SEAL,Leakage,3.0,51.81,0.0,51.81,,Feb-2024
167,MTO-2024-ZCU-0167,NAN,ZCU,AZ-3493B,B,2024-02-18,AZ-3493B Exchanger Fouling,Class A Eq. Breakdown,II,2000,INS-02,CA/PA EXECUTION,INS,SX,TUBE BUNDLE,Fouling,2.2,58.88,23.31,82.19,2024-04-03,Feb-2024
190,MTO-2024-ARP-0190,AR-2024-ARP-0027,ARP,FN-3328B,A,2024-02-18,FN-3328B Control Valve Stuck,Uptime Loss,IV,6,STA-02,RISK CANCELED,ROT,FA,VALVE,Stuck,0.7,33.14,0.0,33.14,,Feb-2024
156,MTO-2024-TKX-0156,AR-2024-TKX-0211,TKX,FN-3899,A,2024-02-19,FN-3899 Exchanger Fouling,Uptime Loss,IV,60,REL-05,CA/PA EXECUTION,ROT,FA,TUBE BUNDLE,Fouling,17.4,245.95,1.81,247.76,2024-04-04,Feb-2024
83,MTO-2024-OPP-0083,NAN,OPP,BL-1954,B,2024-02-25,BL-1954 Transmitter Error,Equipment Bad Actor,IV,60,ELE-02,MONITORING RESULT,ROT,BL,TRANSMITTER,Error,0.0,2.2,0.0,2.2,,Feb-2024
111,MTO-2024-CRP-0111,NAN,CRP,TX-3809A,A,2024-02-25,TX-3809A Coupling Worn Out,Class A Eq. Breakdown,III,600,REL-03,MONITORING RESULT,ROT,TX,COUPLING,Worn Out,10.3,243.87,0.0,243.87,,Feb-2024
49,MTO-2024-ZCU-0049,NAN,ZCU,PZ-7199,A,2024-02-29,PZ-7199 Seal Leakage,Uptime Loss,III,400,REL-02,RCA PROCESS,INS,PZ,SEAL,Leakage,11.1,375.48,12.06,387.54,2024-04-14,Feb-2024
188,MTO-2024-ZCU-0188,AR-2024-ZCU-0236,ZCU,SW-3050,A,2024-03-06,SW-3050 Coupling Worn Out,Equipment Bad Actor,III,200,ELE-02,RISK CLOSED,ELE,SW,COUPLING,Worn Out,0.0,0.22,0.0,0.22,,Mar-2024
282,MTO-2024-OP3-0282,NAN,OP3,TX-6148B,A,2024-03-06,TX-6148B Bearing Worn Out,Equipment Bad Actor,IV,40,ROT-01,RISK CANCELED,INS,TX,BEARING,Worn Out,0.0,1.84,0.0,1.84,,Mar-2024
134,MTO-2024-ZCU-0134,NAN,ZCU,PZ-8690B,A,2024-03-13,PZ-8690B Motor Low Performance,Uptime Loss,IV,40,STA-02,MONITORING RESULT,INS,PZ,MOTOR,Low Performance,7.5,234.65,0.0,234.65,,Mar-2024
276,MTO-2024-BRP-0276,AR-2024-BRP-0227,BRP,CD-2449C,A,2024-03-14,CD-2449C Coupling Loose,Uptime Loss,III,600,REL-02,MONITORING RESULT,STA,CD,COUPLING,Loose,2.7,50.72,0.0,50.72,,Mar-2024
295,MTO-2024-ZCU-0295,NAN,ZCU,BL-8124A,B,2024-03-14,BL-8124A Exchanger Fouling,Uptime Loss,IV,40,ROT-01,CA/PA EXECUTION,ROT,BL,TUBE BUNDLE,Fouling,11.2,211.03,18.88,229.91,2024-05-13,Mar-2024
298,MTO-2024-ARP-0298,NAN,ARP,TK-1061C,B,2024-03-16,TK-1061C Exchanger Fouling,Equipment Bad Actor,IV,40,ROT-01,RISK CANCELED,STA,TK,TUBE BUNDLE,Fouling,0.0,0.23,0.0,0.23,,Mar-2024
182,MTO-2024-BDX-0182,NAN,BDX,PU-2931B,B,2024-03-20,PU-2931B Bearing High Vibration,Uptime Loss,IV,40,REL-05,RISK CLOSED,ROT,PU,BEARING,High Vibration,9.1,185.25,0.0,185.25,,Mar-2024
172,MTO-2024-OP2-0172,NAN,OP2,AZ-1735A,B,2024-03-27,AZ-1735A Oil Seal Leakage,UPSD / Delay Start-up,III,400,STA-02,CA/PA EXECUTION,INS,SX,OIL SEAL,Leakage,5.7,225.91,21.45,247.36,2024-04-26,Mar-2024
62,MTO-2024-ARP-0062,NAN,ARP,BL-1732C,B,2024-03-30,BL-1732C Shaft Crack,Uptime Loss,IV,60,ROT-03,RISK CLOSED,ROT,BL,SHAFT,Crack,7.8,188.85,0.0,188.85,,Mar-2024
181,MTO-2024-CRP-0181,NAN,CRP,PU-8356,A,2024-04-01,PU-8356 Exchanger Fouling,Class A Eq. Breakdown,IV,60,ROT-01,MONITORING RESULT,ROT,PU,TUBE BUNDLE,Fouling,2.4,91.92,0.0,91.92,,Apr-2024
91,MTO-2024-ARP-0091,NAN,ARP,SW-5428,A,2024-04-06,SW-5428 Seal Leakage,Uptime Loss,III,600,REL-03,CA/PA EXECUTION,ELE,SW,SEAL,Leakage,4.9,143.88,3.11,146.99,2024-05-21,Apr-2024
245,MTO-2024-SMX-0245,NAN,SMX,AZ-2808,B,2024-04-11,AZ-2808 Control Valve Leakage,Class A Eq. Breakdown,III,200,ELE-02,RISK CLOSED,INS,SX,VALVE,Leakage,6.1,183.51,0.0,183.51,,Apr-2024
169,MTO-2024-OPP-0169,NAN,OPP,BL-2784A,A,2024-04-13,BL-2784A Control Valve Leakage,Equipment Bad Actor,III,400,ELE-01,MONITORING RESULT,ROT,BL,VALVE,Leakage,0.0,0.07,0.0,0.07,,Apr-2024
275,MTO-2024-OP2-0275,AR-2024-OP2-0090,OP2,AZ-3288,A,2024-04-13,AZ-3288 Bearing High Vibration,UPSD / Delay Start-up,IV,60,INS-01,MONITORING RESULT,INS,SX,BEARING,High Vibration,8.1,363.97,0.0,363.97,,Apr-2024
323,MTO-2024-ARP-0323,AR-2024-ARP-0089,ARP,PZ-2579B,A,2024-04-14,PZ-2579B Rotor High Vibration,Uptime Loss,III,400,REL-05,RISK CLOSED,INS,PZ,ROTOR,High Vibration,7.8,100.42,0.0,100.42,,Apr-2024
22,MTO-2024-OP3-0022,NAN,OP3,TK-5150B,A,2024-04-18,TK-5150B Rotor High Vibration,Equipment Bad Actor,IV,40,STA-01,RISK CLOSED,STA,TK,ROTOR,High Vibration,0.0,4.33,0.0,4.33,,Apr-2024
332,MTO-2024-CRP-0332,AR-2024-CRP-0193,CRP,KO-7907,A,2024-04-20,KO-7907 Oil Seal Leakage,Equipment Bad Actor,III,200,ELE-02,RCA PROCESS,ROT,CO,OIL SEAL,Leakage,0.0,3.1,11.39,14.49,2024-06-19,Apr-2024
125,MTO-2024-ZCU-0125,NAN,ZCU,RX-6481,A,2024-04-25,RX-6481 Impeller Worn Out,Equipment Bad Actor,III,200,INS-01,RISK CANCELED,STA,RX,IMPELLER,Worn Out,0.0,3.14,0.0,3.14,,Apr-2024
340,MTO-2024-OPU-0340,NAN,OPU,TK-7349,B,2024-04-25,TK-7349 Seal Leakage,Uptime Loss,II,4000,OPS-01,RCA PROCESS,STA,TK,SEAL,Leakage,14.3,367.0,39.74,406.74,2024-06-24,Apr-2024
117,MTO-2024-BRP-0117,NAN,BRP,PM-5170C,B,2024-04-28,PM-5170C Control Valve Leakage,Uptime Loss,IV,6,ELE-02,RCA PROCESS,ELE,EM,VALVE,Leakage,4.8,67.97,47.08,115.05,2024-06-27,Apr-2024
261,MTO-2024-CRP-0261,AR-2024-CRP-0231,CRP,PM-6340A,A,2024-04-28,PM-6340A Shaft Crack,Uptime Loss,IV,6,INS-02,MONITORING RESULT,ROT,EM,SHAFT,Crack,11.0,353.42,0.0,353.42,,Apr-2024
217,MTO-2024-OP2-0217,AR-2024-OP2-0240,OP2,CD-4525B,A,2024-04-30,CD-4525B Blade Breakage,Uptime Loss,III,600,INS-02,RISK CLOSED,STA,CD,BLADE,Breakage,1.9,49.25,0.0,49.25,,Apr-2024
6,MTO-2024-OPP-0006,NAN,OPP,TR-8242A,B,2024-05-01,TR-8242A Rotor High Vibration,Class A Eq. Breakdown,IV,60,ELE-02,RCA PROCESS,ELE,TR,ROTOR,High Vibration,4.7,184.02,37.55,221.57,2024-06-30,May-2024
26,MTO-2024-ZCU-0026,NAN,ZCU,PZ-4479,A,2024-05-01,PZ-4479 Mechanical Seal Leak,Class A Eq. Breakdown,IV,40,ROT-03,RCA PROCESS,INS,PZ,MECHANICAL SEAL,Leakage,19.6,352.95,1.42,354.37,2024-06-30,May-2024
93,MTO-2024-OP3-0093,AR-2024-OP3-0090,OP3,CD-3164,A,2024-05-03,CD-3164 Rotor High Vibration,Uptime Loss,IV,6,REL-03,CA/PA EXECUTION,STA,CD,ROTOR,High Vibration,8.8,94.61,37.0,131.61,2024-06-02,May-2024
17,MTO-2024-SMX-0017,NAN,SMX,TX-5843,A,2024-05-04,TX-5843 Coupling Worn Out,Class A Eq. Breakdown,IV,6,ROT-01,RCA PROCESS,INS,TX,COUPLING,Worn Out,0.8,20.66,9.77,30.43,2024-06-03,May-2024
313,MTO-2024-CRP-0313,NAN,CRP,CD-4841,A,2024-05-08,CD-4841 Mechanical Seal Leak,UPSD / Delay Start-up,IV,6,ROT-03,RCA PROCESS,STA,CD,MECHANICAL SEAL,Leakage,22.8,390.18,5.52,395.7,2024-06-07,May-2024
159,MTO-2024-ARP-0159,AR-2024-ARP-0240,ARP,PZ-8155B,A,2024-05-10,PZ-8155B Transmitter Error,Equipment Bad Actor,III,400,STA-01,CA/PA EXECUTION,INS,PZ,TRANSMITTER,Error,0.0,3.01,45.06,48.07,2024-07-09,May-2024
76,MTO-2024-ZCU-0076,AR-2024-ZCU-0109,ZCU,RX-4619C,A,2024-05-14,RX-4619C Bearing Worn Out,Class A Eq. Breakdown,III,200,ELE-01,CA/PA EXECUTION,STA,RX,BEARING,Worn Out,3.4,117.37,35.64,153.01,2024-06-13,May-2024
184,MTO-2024-ZCU-0184,NAN,ZCU,PM-4526B,B,2024-05-16,PM-4526B Bearing High Vibration,Inspection Report,IV,40,REL-02,RISK CLOSED,ELE,EM,BEARING,High Vibration,0.0,0.8,0.0,0.8,,May-2024
377,MTO-2024-OPP-0377,AR-2024-OPP-0246,OPP,CD-5731B,A,2024-05-17,CD-5731B Gearbox High Vibration,Class A Eq. Breakdown,III,200,ROT-01,RISK CANCELED,STA,CD,GEARBOX,High Vibration,1.0,36.82,0.0,36.82,,May-2024
15,MTO-2024-SMX-0015,AR-2024-SMX-0039,SMX,TX-8176,A,2024-05-18,TX-8176 Gearbox High Vibration,Class A Eq. Breakdown,IV,6,OPS-01,RISK CANCELED,INS,TX,GEARBOX,High Vibration,2.1,48.62,0.0,48.62,,May-2024
291,MTO-2024-NUP-0291,NAN,NUP,HE-2598B,A,2024-05-19,HE-2598B Mechanical Seal Leak,Equipment Bad Actor,IV,40,INS-02,CA/PA EXECUTION,STA,HB,MECHANICAL SEAL,Leakage,0.0,0.08,0.66,0.74,2024-06-18,May-2024
285,MTO-2024-ARP-0285,AR-2024-ARP-0131,ARP,TX-2223,A,2024-05-26,TX-2223 Bearing Worn Out,UPSD / Delay Start-up,IV,40,STA-02,RISK CLOSED,INS,TX,BEARING,Worn Out,10.2,299.8,0.0,299.8,,May-2024
47,MTO-2024-ZCU-0047,NAN,ZCU,HE-3296B,B,2024-05-27,HE-3296B Bearing High Vibration,Uptime Loss,IV,60,ROT-02,RCA PROCESS,STA,HB,BEARING,High Vibration,2.6,60.59,34.65,95.24,2024-06-26,May-2024
116,MTO-2024-ARP-0116,NAN,ARP,PU-7899A,A,2024-05-28,PU-7899A Oil Seal Leakage,Inspection Report,IV,40,ROT-02,RCA PROCESS,ROT,PU,OIL SEAL,Leakage,0.0,4.11,40.39,44.5,2024-07-12,May-2024
208,MTO-2024-OP2-0208,AR-2024-OP2-0122,OP2,TR-1447A,A,2024-05-28,TR-1447A Gasket Leakage,Class A Eq. Breakdown,III,600,STA-02,RCA PROCESS,ELE,TR,GASKET,Leakage,1.0,19.33,15.57,34.9,2024-07-12,May-2024
370,MTO-2024-BDX-0370,AR-2024-BDX-0096,BDX,PZ-8290A,A,2024-05-28,PZ-8290A Motor Low Performance,Equipment Bad Actor,IV,40,REL-02,NEW REGISTERED,INS,PZ,MOTOR,Low Performance,0.0,1.68,6.12,7.8,2024-06-27,May-2024
239,MTO-2024-ARP-0239,AR-2024-ARP-0049,ARP,SW-5535,A,2024-05-29,SW-5535 Blade Breakage,Class A Eq. Breakdown,IV,40,STA-02,RISK CANCELED,ELE,SW,BLADE,Breakage,4.0,77.16,0.0,77.16,,May-2024
321,MTO-2024-OPP-0321,NAN,OPP,TX-3092C,B,2024-05-29,TX-3092C Rotor High Vibration,Equipment Bad Actor,IV,6,INS-02,RISK CLOSED,INS,TX,ROTOR,High Vibration,0.0,3.0,0.0,3.0,,May-2024
165,MTO-2024-BDX-0165,NAN,BDX,TX-4966C,A,2024-06-02,TX-4966C Seal Leakage,Equipment Bad Actor,III,200,REL-05,NEW REGISTERED,ROT,TX,SEAL,Leakage,0.0,4.58,4.39,8.97,2024-08-01,Jun-2024
131,MTO-2024-OP2-0131,NAN,OP2,RX-3576,C,2024-06-03,RX-3576 Solenoid Malfunction,Uptime Loss,IV,60,STA-01,MONITORING RESULT,STA,RX,SOLENOID,Malfunction,3.3,93.35,0.0,93.35,,Jun-2024
30,MTO-2024-SMX-0030,NAN,SMX,PM-6753C,B,2024-06-06,PM-6753C Bearing Overheat,Class A Eq. Breakdown,IV,40,STA-01,RCA PROCESS,ROT,EM,BEARING,Overheat,8.9,164.35,5.04,169.39,2024-07-06,Jun-2024
153,MTO-2024-OPP-0153,NAN,OPP,PM-8835B,B,2024-06-12,PM-8835B Rotor High Vibration,Uptime Loss,III,600,REL-02,MONITORING RESULT,ELE,EM,ROTOR,High Vibration,2.6,94.2,0.0,94.2,,Jun-2024
229,MTO-2024-BDX-0229,NAN,BDX,KO-8623,B,2024-06-16,KO-8623 Control Valve Stuck,Equipment Bad Actor,IV,60,ELE-01,RCA PROCESS,ROT,CO,VALVE,Stuck,0.0,3.27,19.37,22.64,2024-07-16,Jun-2024
380,MTO-2024-OP2-0380,NAN,OP2,KO-7858,B,2024-06-18,KO-7858 Oil Seal Leakage,Equipment Bad Actor,III,600,ELE-02,RISK CLOSED,ROT,CO,OIL SEAL,Leakage,0.0,0.99,0.0,0.99,,Jun-2024
200,MTO-2024-ZCU-0200,NAN,ZCU,CD-8154,A,2024-06-21,CD-8154 Blade Breakage,Uptime Loss,III,600,REL-02,RISK CLOSED,STA,CD,BLADE,Breakage,4.7,78.97,0.0,78.97,,Jun-2024
250,MTO-2024-NUP-0250,NAN,NUP,TX-7293,B,2024-06-22,TX-7293 Oil Seal Leakage,Class A Eq. Breakdown,IV,40,STA-01,MONITORING RESULT,INS,TX,OIL SEAL,Leakage,21.3,578.18,0.0,578.18,,Jun-2024
237,MTO-2024-ZCU-0237,AR-2024-ZCU-0213,ZCU,TR-6290,A,2024-06-25,TR-6290 Motor Low Performance,Uptime Loss,IV,6,STA-01,RISK CANCELED,ELE,TR,MOTOR,Low Performance,2.6,61.25,0.0,61.25,,Jun-2024
288,MTO-2024-ZCU-0288,NAN,ZCU,CD-7117C,B,2024-06-25,CD-7117C Control Valve Leakage,Class A Eq. Breakdown,IV,6,REL-03,CA/PA EXECUTION,STA,CD,VALVE,Leakage,5.1,161.04,8.69,169.73,2024-07-25,Jun-2024
379,MTO-2024-ZCU-0379,AR-2024-ZCU-0116,ZCU,PM-3895A,A,2024-06-27,PM-3895A Shaft Crack,Equipment Bad Actor,III,600,REL-02,MONITORING RESULT,ROT,EM,SHAFT,Crack,0.0,1.16,0.0,1.16,,Jun-2024
339,MTO-2024-OP3-0339,AR-2024-OP3-0219,OP3,SW-2768C,A,2024-07-03,SW-2768C Oil Seal Leakage,Equipment Bad Actor,IV,40,OPS-01,RISK CLOSED,ELE,SW,OIL SEAL,Leakage,0.0,0.84,0.0,0.84,,Jul-2024
274,MTO-2024-BRP-0274,NAN,BRP,PZ-6564,B,2024-07-05,PZ-6564 Coupling Loose,UPSD / Delay Start-up,IV,40,ROT-02,RISK CLOSED,INS,PZ,COUPLING,Loose,7.1,162.58,0.0,162.58,,Jul-2024
144,MTO-2024-SMX-0144,NAN,SMX,PM-6481B,B,2024-07-08,PM-6481B Coupling Worn Out,Uptime Loss,IV,40,INS-01,MONITORING RESULT,ROT,EM,COUPLING,Worn Out,3.0,122.93,0.0,122.93,,Jul-2024
212,MTO-2024-BRP-0212,NAN,BRP,TX-2151C,A,2024-07-11,TX-2151C Control Valve Stuck,Uptime Loss,IV,40,ROT-01,RISK CLOSED,INS,TX,VALVE,Stuck,11.6,265.93,0.0,265.93,,Jul-2024
150,MTO-2024-ARP-0150,NAN,ARP,BL-3575,C,2024-07-14,BL-3575 Solenoid Malfunction,Uptime Loss,IV,6,OPS-01,RISK CLOSED,ROT,BL,SOLENOID,Malfunction,4.9,102.88,0.0,102.88,,Jul-2024
148,MTO-2024-OP2-0148,AR-2024-OP2-0136,OP2,KO-1107,A,2024-07-23,KO-1107 Coupling Worn Out,Class A Eq. Breakdown,III,600,ROT-03,RISK CLOSED,ROT,CO,COUPLING,Worn Out,12.5,298.21,0.0,298.21,,Jul-2024
226,MTO-2024-SMX-0226,NAN,SMX,RX-3213C,A,2024-07-23,RX-3213C Transmitter Error,Class A Eq. Breakdown,IV,40,REL-03,RISK CLOSED,STA,RX,TRANSMITTER,Error,7.8,286.8,0.0,286.8,,Jul-2024
92,MTO-2024-SMX-0092,NAN,SMX,TX-3821C,A,2024-07-25,TX-3821C Bearing Overheat,Equipment Bad Actor,III,200,REL-03,CA/PA EXECUTION,ROT,TX,BEARING,Overheat,0.0,0.2,7.29,7.49,2024-09-08,Jul-2024
257,MTO-2024-ARP-0257,NAN,ARP,RX-1575,B,2024-07-25,RX-1575 Transmitter Error,Uptime Loss,III,400,REL-03,RCA PROCESS,STA,RX,TRANSMITTER,Error,7.4,189.06,13.99,203.05,2024-08-24,Jul-2024
216,MTO-2024-OPP-0216,AR-2024-OPP-0080,OPP,CD-7424A,A,2024-07-28,CD-7424A Blade Breakage,Class A Eq. Breakdown,IV,60,ELE-02,RISK CANCELED,STA,CD,BLADE,Breakage,1.8,64.35,0.0,64.35,,Jul-2024
348,MTO-2024-CRP-0348,NAN,CRP,KO-1744,B,2024-08-03,KO-1744 Mechanical Seal Leak,Uptime Loss,III,400,REL-03,RISK CLOSED,ROT,CO,MECHANICAL SEAL,Leakage,5.2,107.3,0.0,107.3,,Aug-2024
51,MTO-2024-NUP-0051,NAN,NUP,PU-6855,B,2024-08-04,PU-6855 Oil Seal Leakage,Uptime Loss,IV,40,ELE-01,RISK CLOSED,ROT,PU,OIL SEAL,Leakage,8.6,97.64,0.0,97.64,,Aug-2024
50,MTO-2024-OP2-0050,NAN,OP2,AZ-4763B,B,2024-08-05,AZ-4763B Impeller Worn Out,Inspection Report,III,400,INS-02,MONITORING RESULT,INS,SX,IMPELLER,Worn Out,0.0,4.39,0.0,4.39,,Aug-2024
202,MTO-2024-ARP-0202,NAN,ARP,TX-6162B,B,2024-08-06,TX-6162B Exchanger Fouling,Equipment Bad Actor,III,600,OPS-01,CA/PA EXECUTION,ROT,TX,TUBE BUNDLE,Fouling,0.0,2.3,13.73,16.03,2024-09-20,Aug-2024
310,MTO-2024-ZCU-0310,NAN,ZCU,TX-6419A,B,2024-08-08,TX-6419A Control Valve Leakage,UPSD / Delay Start-up,IV,60,ELE-02,RCA PROCESS,ROT,TX,VALVE,Leakage,1.3,43.78,23.29,67.07,2024-09-22,Aug-2024
267,MTO-2024-OP2-0267,AR-2024-OP2-0209,OP2,CD-7937A,A,2024-08-10,CD-7937A Gearbox High Vibration,Class A Eq. Breakdown,III,200,REL-03,RISK CLOSED,STA,CD,GEARBOX,High Vibration,3.3,124.37,0.0,124.37,,Aug-2024
278,MTO-2024-ZCU-0278,NAN,ZCU,CD-6611,B,2024-08-11,CD-6611 Seal Leakage,Uptime Loss,IV,60,INS-01,NEW REGISTERED,STA,CD,SEAL,Leakage,4.9,173.77,29.04,202.81,2024-09-25,Aug-2024
101,MTO-2024-ZCU-0101,NAN,ZCU,TX-3554,C,2024-08-12,TX-3554 Bearing High Vibration,Class A Eq. Breakdown,III,600,ELE-01,RISK CANCELED,INS,TX,BEARING,High Vibration,3.0,136.82,0.0,136.82,,Aug-2024
353,MTO-2024-BDX-0353,AR-2024-BDX-0061,BDX,KO-7855B,A,2024-08-12,KO-7855B Coupling Worn Out,UPSD / Delay Start-up,IV,60,INS-01,RISK CANCELED,ROT,CO,COUPLING,Worn Out,1.3,25.4,0.0,25.4,,Aug-2024
195,MTO-2024-BRP-0195,AR-2024-BRP-0223,BRP,CV-5846,A,2024-08-13,CV-5846 Rotor High Vibration,Uptime Loss,IV,60,ROT-03,RISK CLOSED,INS,VA,ROTOR,High Vibration,6.0,160.26,0.0,160.26,,Aug-2024
231,MTO-2024-BRP-0231,NAN,BRP,PU-7906,B,2024-08-24,PU-7906 Coupling Loose,Class A Eq. Breakdown,III,400,STA-01,CA/PA EXECUTION,ROT,PU,COUPLING,Loose,8.2,338.46,43.09,381.55,2024-10-23,Aug-2024
133,MTO-2024-ZCU-0133,AR-2024-ZCU-0236,ZCU,RX-3112,A,2024-08-31,RX-3112 Bearing High Vibration,Equipment Bad Actor,III,600,ROT-01,RCA PROCESS,STA,RX,BEARING,High Vibration,0.0,3.89,46.47,50.36,2024-09-30,Aug-2024
203,MTO-2024-BDX-0203,NAN,BDX,PU-7701C,C,2024-09-06,PU-7701C Coupling Loose,Uptime Loss,III,400,STA-02,CA/PA EXECUTION,ROT,PU,COUPLING,Loose,1.8,68.53,29.95,98.48,2024-10-06,Sep-2024
219,MTO-2024-ZCU-0219,AR-2024-ZCU-0242,ZCU,PZ-1094,A,2024-09-06,PZ-1094 Bearing Worn Out,Uptime Loss,IV,40,REL-03,RISK CLOSED,INS,PZ,BEARING,Worn Out,4.2,193.09,0.0,193.09,,Sep-2024
142,MTO-2024-ZCU-0142,NAN,ZCU,SW-6198B,A,2024-09-15,SW-6198B Gearbox High Vibration,Uptime Loss,II,2000,REL-03,RISK CANCELED,ELE,SW,GEARBOX,High Vibration,2.8,117.16,0.0,117.16,,Sep-2024
246,MTO-2024-OP2-0246,AR-2024-OP2-0164,OP2,TX-1039B,A,2024-09-16,TX-1039B Coupling Loose,Equipment Bad Actor,IV,6,REL-02,NEW REGISTERED,INS,TX,COUPLING,Loose,0.0,1.55,6.58,8.13,2024-10-31,Sep-2024
108,MTO-2024-SMX-0108,NAN,SMX,PM-4728A,A,2024-09-17,PM-4728A Rotor High Vibration,Uptime Loss,II,4000,ROT-02,CA/PA EXECUTION,ROT,EM,ROTOR,High Vibration,4.9,122.37,28.63,151.0,2024-11-16,Sep-2024
158,MTO-2024-BRP-0158,AR-2024-BRP-0158,BRP,FN-2402A,A,2024-09-19,FN-2402A Bearing Overheat,Equipment Bad Actor,IV,40,OPS-01,RISK CANCELED,ROT,FA,BEARING,Overheat,0.0,3.47,0.0,3.47,,Sep-2024
23,MTO-2024-OP2-0023,AR-2024-OP2-0156,OP2,PU-1188B,A,2024-09-20,PU-1188B Transmitter Error,Equipment Bad Actor,III,400,INS-01,CA/PA EXECUTION,ROT,PU,TRANSMITTER,Error,0.0,3.57,1.9,5.47,2024-10-20,Sep-2024
107,MTO-2024-SMX-0107,NAN,SMX,BL-8930A,B,2024-09-23,BL-8930A Exchanger Fouling,Uptime Loss,IV,60,STA-02,RISK CLOSED,ROT,BL,TUBE BUNDLE,Fouling,3.2,85.73,0.0,85.73,,Sep-2024
32,MTO-2024-OPP-0032,NAN,OPP,TK-8363B,A,2024-09-24,TK-8363B Control Valve Stuck,Uptime Loss,IV,40,ELE-02,RISK CLOSED,STA,TK,VALVE,Stuck,4.0,144.69,0.0,144.69,,Sep-2024
139,MTO-2024-ZCU-0139,NAN,ZCU,PU-4041C,B,2024-09-24,PU-4041C Control Valve Leakage,Uptime Loss,III,400,REL-03,RISK CLOSED,ROT,PU,VALVE,Leakage,7.3,199.93,0.0,199.93,,Sep-2024
78,MTO-2024-OPP-0078,NAN,OPP,TR-2916,A,2024-09-27,TR-2916 Motor Low Performance,Class A Eq. Breakdown,IV,60,INS-02,RCA PROCESS,ELE,TR,MOTOR,Low Performance,6.3,178.88,36.92,215.8,2024-10-27,Sep-2024
341,MTO-2024-ARP-0341,NAN,ARP,AZ-6778A,A,2024-10-03,AZ-6778A Solenoid Malfunction,Class A Eq. Breakdown,III,200,ROT-03,RISK CLOSED,INS,SX,SOLENOID,Malfunction,12.4,186.57,0.0,186.57,,Oct-2024
221,MTO-2024-OPP-0221,AR-2024-OPP-0040,OPP,PM-3484B,A,2024-10-04,PM-3484B Seal Leakage,Uptime Loss,III,400,STA-01,RCA PROCESS,ELE,EM,SEAL,Leakage,9.2,121.06,13.69,134.75,2024-11-03,Oct-2024
127,MTO-2024-OP2-0127,NAN,OP2,CD-2356A,A,2024-10-06,CD-2356A Control Valve Leakage,Equipment Bad Actor,III,400,ROT-01,RCA PROCESS,STA,CD,VALVE,Leakage,0.0,1.86,47.73,49.59,2024-11-20,Oct-2024
345,MTO-2024-CRP-0345,NAN,CRP,TX-1131,A,2024-10-06,TX-1131 Oil Seal Leakage,Uptime Loss,III,600,REL-05,RISK CLOSED,ROT,TX,OIL SEAL,Leakage,7.3,242.47,0.0,242.47,,Oct-2024
294,MTO-2024-ARP-0294,NAN,ARP,BL-4453C,B,2024-10-07,BL-4453C Impeller Worn Out,Uptime Loss,III,400,ELE-01,RCA PROCESS,ROT,BL,IMPELLER,Worn Out,6.8,115.23,20.02,135.25,2024-12-06,Oct-2024
355,MTO-2024-CRP-0355,AR-2024-CRP-0072,CRP,KO-8358,A,2024-10-10,KO-8358 Rotor High Vibration,Uptime Loss,III,400,ELE-01,CA/PA EXECUTION,ROT,CO,ROTOR,High Vibration,14.2,408.81,41.81,450.62,2024-11-09,Oct-2024
61,MTO-2024-ARP-0061,AR-2024-ARP-0101,ARP,TX-4861B,A,2024-10-12,TX-4861B Bearing High Vibration,Equipment Bad Actor,III,600,OPS-01,RCA PROCESS,ROT,TX,BEARING,High Vibration,0.0,4.1,27.08,31.18,2024-11-26,Oct-2024
25,MTO-2024-OP3-0025,AR-2024-OP3-0032,OP3,PU-7290C,A,2024-10-15,PU-7290C Motor Low Performance,UPSD / Delay Start-up,III,400,REL-05,RISK CLOSED,ROT,PU,MOTOR,Low Performance,0.2,6.14,0.0,6.14,,Oct-2024
222,MTO-2024-ARP-0222,NAN,ARP,BL-4995,A,2024-10-15,BL-4995 Shaft Crack,Uptime Loss,IV,40,STA-02,RISK CLOSED,ROT,BL,SHAFT,Crack,13.6,417.52,0.0,417.52,,Oct-2024
119,MTO-2024-CRP-0119,NAN,CRP,PZ-6565A,A,2024-10-20,PZ-6565A Motor Low Performance,Equipment Bad Actor,IV,6,ROT-02,RCA PROCESS,INS,PZ,MOTOR,Low Performance,0.0,4.43,15.52,19.95,2024-12-04,Oct-2024
196,MTO-2024-CRP-0196,AR-2024-CRP-0016,CRP,CD-1513,A,2024-10-26,CD-1513 Blade Breakage,Equipment Bad Actor,IV,60,OPS-01,RISK CLOSED,STA,CD,BLADE,Breakage,0.0,3.92,0.0,3.92,,Oct-2024
69,MTO-2024-OP3-0069,NAN,OP3,RX-8107B,A,2024-10-28,RX-8107B Transmitter Error,Uptime Loss,IV,60,INS-02,CA/PA EXECUTION,STA,RX,TRANSMITTER,Error,9.8,271.52,27.45,298.97,2024-12-27,Oct-2024
86,MTO-2024-ZCU-0086,AR-2024-ZCU-0078,ZCU,BL-1631B,A,2024-10-29,BL-1631B Exchanger Fouling,Uptime Loss,II,4000,ROT-01,RCA PROCESS,ROT,BL,TUBE BUNDLE,Fouling,4.0,72.96,9.72,82.68,2024-12-28,Oct-2024
316,MTO-2024-ARP-0316,NAN,ARP,AZ-4021,B,2024-10-29,AZ-4021 Bearing Worn Out,Class A Eq. Breakdown,IV,6,OPS-01,RISK CLOSED,INS,SX,BEARING,Worn Out,12.3,353.15,0.0,353.15,,Oct-2024
155,MTO-2024-BRP-0155,AR-2024-BRP-0121,BRP,PU-7733C,A,2024-11-01,PU-7733C Bearing Worn Out,UPSD / Delay Start-up,III,400,STA-02,RCA PROCESS,ROT,PU,BEARING,Worn Out,0.4,18.34,30.61,48.95,2024-12-01,Nov-2024
128,MTO-2024-OP2-0128,NAN,OP2,RX-2091B,B,2024-11-02,RX-2091B Gasket Leakage,Uptime Loss,II,2000,REL-02,RISK CANCELED,STA,RX,GASKET,Leakage,2.4,36.51,0.0,36.51,,Nov-2024
333,MTO-2024-OPP-0333,NAN,OPP,TR-4857B,A,2024-11-05,TR-4857B Transmitter Error,Uptime Loss,III,400,ELE-01,RISK CLOSED,ELE,TR,TRANSMITTER,Error,10.9,312.26,0.0,312.26,,Nov-2024
170,MTO-2024-OPP-0170,NAN,OPP,PU-7794,B,2024-11-08,PU-7794 Rotor High Vibration,Uptime Loss,IV,60,REL-05,RISK CLOSED,ROT,PU,ROTOR,High Vibration,10.9,211.78,0.0,211.78,,Nov-2024
314,MTO-2024-OP3-0314,NAN,OP3,TX-2023C,B,2024-11-09,TX-2023C Impeller Worn Out,Uptime Loss,III,400,ROT-01,RCA PROCESS,ROT,TX,IMPELLER,Worn Out,8.5,170.7,11.75,182.45,2024-12-09,Nov-2024
176,MTO-2024-BRP-0176,AR-2024-BRP-0245,BRP,HE-7629,A,2024-11-14,HE-7629 Coupling Loose,Equipment Bad Actor,III,400,STA-01,NEW REGISTERED,STA,HB,COUPLING,Loose,0.0,4.94,43.29,48.23,2024-12-14,Nov-2024
272,MTO-2024-ZCU-0272,NAN,ZCU,PZ-7507,B,2024-11-14,PZ-7507 Blade Breakage,Uptime Loss,III,200,ROT-02,CA/PA EXECUTION,INS,PZ,BLADE,Breakage,13.6,507.96,38.94,546.9,2025-01-13,Nov-2024
58,MTO-2024-OPP-0058,NAN,OPP,CV-5933,A,2024-11-17,CV-5933 Oil Seal Leakage,Class A Eq. Breakdown,III,200,INS-02,RCA PROCESS,INS,VA,OIL SEAL,Leakage,8.6,159.38,40.39,199.77,2025-01-01,Nov-2024
325,MTO-2024-OPP-0325,NAN,OPP,PM-3134C,B,2024-11-20,PM-3134C Seal Leakage,Equipment Bad Actor,III,200,INS-02,CA/PA EXECUTION,ROT,EM,SEAL,Leakage,0.0,3.56,16.16,19.72,2024-12-20,Nov-2024
45,MTO-2024-OP3-0045,NAN,OP3,PU-8073A,B,2024-11-21,PU-8073A Shaft Crack,UPSD / Delay Start-up,II,4000,OPS-01,RCA PROCESS,ROT,PU,SHAFT,Crack,12.6,477.89,23.19,501.08,2024-12-21,Nov-2024
351,MTO-2024-ZCU-0351,NAN,ZCU,PM-2050,B,2024-11-21,PM-2050 Impeller Worn Out,Uptime Loss,I,40000,ROT-01,CA/PA EXECUTION,ELE,EM,IMPELLER,Worn Out,14.0,641.11,28.47,669.58,2025-01-05,Nov-2024
157,MTO-2024-CRP-0157,NAN,CRP,SW-6750A,A,2024-11-30,SW-6750A Control Valve Stuck,Uptime Loss,III,200,ROT-03,RISK CLOSED,ELE,SW,VALVE,Stuck,0.8,14.82,0.0,14.82,,Nov-2024
38,MTO-2024-TKX-0038,AR-2024-TKX-0174,TKX,CV-3404,A,2024-12-05,CV-3404 Solenoid Malfunction,Class A Eq. Breakdown,IV,60,ELE-01,CA/PA EXECUTION,INS,VA,SOLENOID,Malfunction,7.4,189.63,38.36,227.99,2025-02-03,Dec-2024
258,MTO-2024-NUP-0258,NAN,NUP,HE-1535,C,2024-12-06,HE-1535 Shaft Crack,Inspection Report,IV,60,REL-03,CA/PA EXECUTION,STA,HB,SHAFT,Crack,0.0,2.32,31.15,33.47,2025-02-04,Dec-2024
207,MTO-2024-OP3-0207,AR-2024-OP3-0182,OP3,RX-1896A,A,2024-12-10,RX-1896A Coupling Worn Out,Uptime Loss,III,600,ELE-01,RISK CANCELED,STA,RX,COUPLING,Worn Out,1.0,28.41,0.0,28.41,,Dec-2024
121,MTO-2024-OP2-0121,NAN,OP2,TK-5168C,B,2024-12-11,TK-5168C Control Valve Leakage,UPSD / Delay Start-up,III,400,INS-01,RCA PROCESS,STA,TK,VALVE,Leakage,19.1,449.03,31.19,480.22,2025-02-09,Dec-2024
189,MTO-2024-NUP-0189,AR-2024-NUP-0248,NUP,TR-6283A,A,2024-12-11,TR-6283A Transmitter Error,Class A Eq. Breakdown,III,200,OPS-01,RISK CLOSED,ELE,TR,TRANSMITTER,Error,20.7,361.66,0.0,361.66,,Dec-2024
8,MTO-2024-ZCU-0008,AR-2024-ZCU-0130,ZCU,PZ-2154,A,2024-12-14,PZ-2154 Gasket Leakage,UPSD / Delay Start-up,IV,40,ELE-01,CA/PA EXECUTION,INS,PZ,GASKET,Leakage,1.8,82.03,24.92,106.95,2025-02-12,Dec-2024
347,MTO-2024-BRP-0347,NAN,BRP,CD-5189C,B,2024-12-15,CD-5189C Control Valve Stuck,Class A Eq. Breakdown,IV,40,ROT-01,MONITORING RESULT,STA,CD,VALVE,Stuck,8.1,120.73,0.0,120.73,,Dec-2024
66,MTO-2024-BDX-0066,NAN,BDX,BL-1795A,B,2024-12-16,BL-1795A Blade Breakage,Equipment Bad Actor,IV,60,INS-01,MONITORING RESULT,ROT,BL,BLADE,Breakage,0.0,0.02,0.0,0.02,,Dec-2024
240,MTO-2024-BRP-0240,NAN,BRP,CD-6577B,A,2024-12-16,CD-6577B Seal Leakage,Uptime Loss,III,400,REL-02,RISK CLOSED,STA,CD,SEAL,Leakage,17.8,455.22,0.0,455.22,,Dec-2024
279,MTO-2024-OP2-0279,NAN,OP2,TR-3408C,B,2024-12-17,TR-3408C Oil Seal Leakage,Uptime Loss,III,400,ROT-02,RCA PROCESS,ELE,TR,OIL SEAL,Leakage,20.9,327.09,25.85,352.94,2025-01-31,Dec-2024
166,MTO-2024-SMX-0166,NAN,SMX,TX-2796A,A,2024-12-21,TX-2796A Bearing Overheat,Equipment Bad Actor,II,4000,OPS-01,CA/PA EXECUTION,INS,TX,BEARING,Overheat,0.0,2.24,24.94,27.18,2025-02-04,Dec-2024
277,MTO-2024-ZCU-0277,AR-2024-ZCU-0059,ZCU,TK-1215,A,2024-12-23,TK-1215 Oil Seal Leakage,Equipment Bad Actor,IV,6,REL-02,CA/PA EXECUTION,STA,TK,OIL SEAL,Leakage,0.0,4.22,42.75,46.97,2025-02-06,Dec-2024
72,MTO-2024-CRP-0072,AR-2024-CRP-0222,CRP,BL-2806,A,2024-12-24,BL-2806 Bearing Overheat,Class A Eq. Breakdown,III,400,ROT-03,RISK CANCELED,ROT,BL,BEARING,Overheat,0.5,11.14,0.0,11.14,,Dec-2024
77,MTO-2024-OPU-0077,NAN,OPU,KO-5967B,A,2024-12-24,KO-5967B Gearbox High Vibration,Equipment Bad Actor,III,600,ROT-03,RISK CLOSED,ROT,CO,GEARBOX,High Vibration,0.0,0.41,0.0,0.41,,Dec-2024
177,MTO-2024-ARP-0177,NAN,ARP,CV-4573A,A,2024-12-24,CV-4573A Coupling Loose,Class A Eq. Breakdown,IV,6,REL-05,RCA PROCESS,INS,VA,COUPLING,Loose,12.0,223.21,26.41,249.62,2025-02-07,Dec-2024
21,MTO-2024-BRP-0021,AR-2024-BRP-0112,BRP,TX-6085B,A,2024-12-26,TX-6085B Rotor High Vibration,Class A Eq. Breakdown,IV,40,REL-03,RCA PROCESS,INS,TX,ROTOR,High Vibration,22.9,596.79,39.08,635.87,2025-01-25,Dec-2024
319,MTO-2024-OP3-0319,NAN,OP3,HE-7991,A,2024-12-27,HE-7991 Control Valve Stuck,Class A Eq. Breakdown,III,400,ELE-01,RCA PROCESS,STA,HB,VALVE,Stuck,7.1,317.83,11.53,329.36,2025-02-10,Dec-2024
205,MTO-2025-ZCU-0205,NAN,ZCU,HE-5734C,A,2025-01-03,HE-5734C Seal Leakage,Equipment Bad Actor,IV,6,ELE-02,RCA PROCESS,STA,HB,SEAL,Leakage,0.0,0.5,7.63,8.13,2025-03-04,Jan-2025
192,MTO-2025-ARP-0192,NAN,ARP,TX-7313,B,2025-01-05,TX-7313 Rotor High Vibration,Class A Eq. Breakdown,IV,6,STA-02,RCA PROCESS,ROT,TX,ROTOR,High Vibration,11.7,209.16,35.3,244.46,2025-02-19,Jan-2025
88,MTO-2025-ARP-0088,AR-2025-ARP-0236,ARP,CD-1529,A,2025-01-06,CD-1529 Coupling Loose,Quality Loss,III,600,INS-02,RISK CLOSED,STA,CD,COUPLING,Loose,0.0,3.59,0.0,3.59,,Jan-2025
264,MTO-2025-BRP-0264,NAN,BRP,TX-1531,B,2025-01-07,TX-1531 Gasket Leakage,Quality Loss,IV,6,ROT-01,RCA PROCESS,INS,TX,GASKET,Leakage,0.0,1.46,43.44,44.9,2025-02-21,Jan-2025
317,MTO-2025-OPP-0317,NAN,OPP,RX-2530,B,2025-01-07,RX-2530 Blade Breakage,Class A Eq. Breakdown,III,600,ROT-01,CA/PA EXECUTION,STA,RX,BLADE,Breakage,8.8,324.52,30.91,355.43,2025-02-06,Jan-2025
161,MTO-2025-ARP-0161,NAN,ARP,TR-3587C,A,2025-01-08,TR-3587C Mechanical Seal Leak,Class A Eq. Breakdown,IV,6,ROT-03,NEW REGISTERED,ELE,TR,MECHANICAL SEAL,Leakage,4.1,117.17,38.75,155.92,2025-02-22,Jan-2025
138,MTO-2025-SMX-0138,NAN,SMX,BL-7185B,A,2025-01-09,BL-7185B Coupling Worn Out,Uptime Loss,II,4000,INS-02,RISK CLOSED,ROT,BL,COUPLING,Worn Out,23.6,945.87,0.0,945.87,,Jan-2025
293,MTO-2025-ARP-0293,NAN,ARP,KO-7770A,B,2025-01-09,KO-7770A Seal Leakage,Uptime Loss,III,200,INS-02,CA/PA EXECUTION,ROT,CO,SEAL,Leakage,3.6,65.32,23.7,89.02,2025-02-23,Jan-2025
95,MTO-2025-CRP-0095,NAN,CRP,AZ-7326B,C,2025-01-11,AZ-7326B Solenoid Malfunction,Uptime Loss,III,600,STA-02,RISK CANCELED,INS,SX,SOLENOID,Malfunction,2.3,59.56,0.0,59.56,,Jan-2025
41,MTO-2025-ZCU-0041,NAN,ZCU,HE-2276B,C,2025-01-13,HE-2276B Rotor High Vibration,UPSD / Delay Start-up,IV,60,STA-01,RISK CLOSED,STA,HB,ROTOR,High Vibration,8.1,126.49,0.0,126.49,,Jan-2025
320,MTO-2025-OP2-0320,NAN,OP2,AZ-6357,C,2025-01-13,AZ-6357 Motor Low Performance,Equipment Bad Actor,IV,40,INS-02,RISK CANCELED,INS,SX,MOTOR,Low Performance,0.0,3.51,0.0,3.51,,Jan-2025
81,MTO-2025-OPP-0081,NAN,OPP,RX-7490B,B,2025-01-21,RX-7490B Oil Seal Leakage,Uptime Loss,IV,6,ELE-02,RCA PROCESS,STA,RX,OIL SEAL,Leakage,32.9,792.32,39.66,831.98,2025-02-20,Jan-2025
70,MTO-2025-OP3-0070,AR-2025-OP3-0128,OP3,BL-2438,A,2025-01-22,BL-2438 Transmitter Error,Equipment Bad Actor,III,400,ELE-01,RISK CLOSED,ROT,BL,TRANSMITTER,Error,0.0,2.22,0.0,2.22,,Jan-2025
281,MTO-2025-SMX-0281,AR-2025-SMX-0022,SMX,TX-3699,A,2025-01-23,TX-3699 Exchanger Fouling,Class A Eq. Breakdown,IV,40,ELE-02,CA/PA EXECUTION,ROT,TX,TUBE BUNDLE,Fouling,9.1,250.26,36.26,286.52,2025-03-24,Jan-2025
307,MTO-2025-BRP-0307,NAN,BRP,PZ-6982A,A,2025-01-26,PZ-6982A Bearing High Vibration,Uptime Loss,IV,60,ROT-01,MONITORING RESULT,INS,PZ,BEARING,High Vibration,2.8,111.48,0.0,111.48,,Jan-2025
248,MTO-2025-NUP-0248,NAN,NUP,PM-7516C,B,2025-02-06,PM-7516C Coupling Loose,Equipment Bad Actor,IV,40,INS-01,RISK CLOSED,ELE,EM,COUPLING,Loose,0.0,5.0,0.0,5.0,,Feb-2025
255,MTO-2025-TKX-0255,NAN,TKX,PU-2304A,B,2025-02-06,PU-2304A Bearing High Vibration,Equipment Bad Actor,III,600,INS-02,NEW REGISTERED,ROT,PU,BEARING,High Vibration,0.0,0.44,25.93,26.37,2025-03-08,Feb-2025
94,MTO-2025-BDX-0094,AR-2025-BDX-0218,BDX,PM-6744,A,2025-02-07,PM-6744 Control Valve Leakage,Uptime Loss,IV,40,INS-02,RISK CANCELED,ELE,EM,VALVE,Leakage,2.6,58.79,0.0,58.79,,Feb-2025
112,MTO-2025-OP3-0112,AR-2025-OP3-0140,OP3,TK-6638,A,2025-02-09,TK-6638 Rotor High Vibration,Uptime Loss,IV,60,ELE-01,NEW REGISTERED,STA,TK,ROTOR,High Vibration,11.5,140.35,0.99,141.34,2025-03-26,Feb-2025
283,MTO-2025-ZCU-0283,AR-2025-ZCU-0035,ZCU,BL-2513A,A,2025-02-11,BL-2513A Impeller Worn Out,Uptime Loss,IV,6,ROT-03,RCA PROCESS,ROT,BL,IMPELLER,Worn Out,15.5,231.0,1.32,232.32,2025-03-28,Feb-2025
59,MTO-2025-TKX-0059,NAN,TKX,PU-7158A,A,2025-02-14,PU-7158A Solenoid Malfunction,UPSD / Delay Start-up,IV,6,REL-05,MONITORING RESULT,ROT,PU,SOLENOID,Malfunction,7.0,149.58,0.0,149.58,,Feb-2025
122,MTO-2025-OPP-0122,NAN,OPP,FN-7608,B,2025-02-14,FN-7608 Motor Low Performance,Class A Eq. Breakdown,IV,40,ROT-02,RCA PROCESS,ROT,FA,MOTOR,Low Performance,6.1,249.18,49.49,298.67,2025-03-16,Feb-2025
120,MTO-2025-OP2-0120,AR-2025-OP2-0106,OP2,TX-1722A,A,2025-02-17,TX-1722A Gasket Leakage,Class A Eq. Breakdown,IV,40,STA-01,CA/PA EXECUTION,ROT,TX,GASKET,Leakage,18.4,594.02,47.42,641.44,2025-03-19,Feb-2025
162,MTO-2025-ZCU-0162,NAN,ZCU,FN-7628A,B,2025-02-19,FN-7628A Shaft Crack,Class A Eq. Breakdown,III,400,ELE-02,RISK CLOSED,ROT,FA,SHAFT,Crack,1.6,37.89,0.0,37.89,,Feb-2025
225,MTO-2025-OPP-0225,NAN,OPP,SW-5472B,B,2025-02-25,SW-5472B Seal Leakage,Equipment Bad Actor,IV,40,ROT-03,CA/PA EXECUTION,ELE,SW,SEAL,Leakage,0.0,0.99,23.09,24.08,2025-04-11,Feb-2025
360,MTO-2025-SMX-0360,NAN,SMX,FN-5734,A,2025-02-25,FN-5734 Solenoid Malfunction,Uptime Loss,IV,6,ROT-03,MONITORING RESULT,ROT,FA,SOLENOID,Malfunction,17.8,438.51,0.0,438.51,,Feb-2025
85,MTO-2025-CRP-0085,NAN,CRP,TX-3354,B,2025-02-26,TX-3354 Mechanical Seal Leak,Class A Eq. Breakdown,IV,60,OPS-01,CA/PA EXECUTION,INS,TX,MECHANICAL SEAL,Leakage,3.2,57.2,7.96,65.16,2025-04-27,Feb-2025
232,MTO-2025-OP3-0232,AR-2025-OP3-0136,OP3,CV-5846,A,2025-03-07,CV-5846 Solenoid Malfunction,Class A Eq. Breakdown,III,400,REL-02,RCA PROCESS,INS,VA,SOLENOID,Malfunction,7.3,81.87,43.92,125.79,2025-04-21,Mar-2025
33,MTO-2025-OPP-0033,AR-2025-OPP-0078,OPP,TK-1241A,A,2025-03-08,TK-1241A Bearing Overheat,Uptime Loss,IV,6,ELE-02,CA/PA EXECUTION,STA,TK,BEARING,Overheat,6.6,188.2,42.1,230.3,2025-04-07,Mar-2025
13,MTO-2025-CRP-0013,NAN,CRP,CV-8399C,A,2025-03-11,CV-8399C Solenoid Malfunction,Uptime Loss,III,200,REL-05,CA/PA EXECUTION,INS,VA,SOLENOID,Malfunction,8.3,131.83,29.03,160.86,2025-04-10,Mar-2025
343,MTO-2025-ARP-0343,AR-2025-ARP-0199,ARP,FN-8488C,A,2025-03-11,FN-8488C Bearing Overheat,Uptime Loss,IV,6,ROT-03,CA/PA EXECUTION,ROT,FA,BEARING,Overheat,15.6,571.56,46.68,618.24,2025-04-25,Mar-2025
174,MTO-2025-OP2-0174,AR-2025-OP2-0072,OP2,AZ-8765C,A,2025-03-13,AZ-8765C Bearing Worn Out,Class A Eq. Breakdown,IV,40,OPS-01,RISK CLOSED,INS,SX,BEARING,Worn Out,12.0,502.89,0.0,502.89,,Mar-2025
218,MTO-2025-OP3-0218,NAN,OP3,BL-7358,A,2025-03-14,BL-7358 Bearing Worn Out,Uptime Loss,IV,40,REL-05,RCA PROCESS,ROT,BL,BEARING,Worn Out,11.1,262.13,13.07,275.2,2025-05-13,Mar-2025
46,MTO-2025-SMX-0046,AR-2025-SMX-0040,SMX,TX-7355C,A,2025-03-15,TX-7355C Solenoid Malfunction,Equipment Bad Actor,III,400,ELE-01,NEW REGISTERED,INS,TX,SOLENOID,Malfunction,0.0,2.7,7.6,10.3,2025-05-14,Mar-2025
132,MTO-2025-OPU-0132,AR-2025-OPU-0206,OPU,TR-3696,A,2025-03-16,TR-3696 Motor Low Performance,Class A Eq. Breakdown,III,400,STA-01,RISK CLOSED,ELE,TR,MOTOR,Low Performance,5.3,136.28,0.0,136.28,,Mar-2025
57,MTO-2025-ARP-0057,AR-2025-ARP-0134,ARP,BL-4126C,A,2025-03-25,BL-4126C Blade Breakage,Class A Eq. Breakdown,IV,60,INS-01,RISK CLOSED,ROT,BL,BLADE,Breakage,7.2,283.87,0.0,283.87,,Mar-2025
68,MTO-2025-NUP-0068,NAN,NUP,CD-4653,A,2025-03-25,CD-4653 Solenoid Malfunction,Uptime Loss,IV,6,INS-02,RISK CLOSED,STA,CD,SOLENOID,Malfunction,8.0,90.86,0.0,90.86,,Mar-2025
173,MTO-2025-OPP-0173,AR-2025-OPP-0169,OPP,AZ-1424,A,2025-03-26,AZ-1424 Bearing High Vibration,Class A Eq. Breakdown,IV,40,INS-01,MONITORING RESULT,INS,SX,BEARING,High Vibration,15.9,432.7,0.0,432.7,,Mar-2025
7,MTO-2025-ARP-0007,AR-2025-ARP-0020,ARP,CV-7690,A,2025-03-27,CV-7690 Motor Low Performance,Equipment Bad Actor,III,600,ELE-01,CA/PA EXECUTION,INS,VA,MOTOR,Low Performance,0.0,4.03,49.98,54.01,2025-05-26,Mar-2025
37,MTO-2025-NUP-0037,NAN,NUP,TK-3192B,B,2025-03-28,TK-3192B Impeller Worn Out,Uptime Loss,III,400,INS-02,RISK CLOSED,STA,TK,IMPELLER,Worn Out,6.6,185.15,0.0,185.15,,Mar-2025
270,MTO-2025-SMX-0270,NAN,SMX,PM-1316B,A,2025-03-28,PM-1316B Motor Low Performance,Uptime Loss,III,400,REL-05,RISK CLOSED,ROT,EM,MOTOR,Low Performance,4.1,59.06,0.0,59.06,,Mar-2025
145,MTO-2025-SMX-0145,AR-2025-SMX-0231,SMX,RX-5203C,A,2025-03-30,RX-5203C Bearing Overheat,Class A Eq. Breakdown,III,400,ROT-01,RISK CANCELED,STA,RX,BEARING,Overheat,0.8,23.53,0.0,23.53,,Mar-2025
297,MTO-2025-SMX-0297,AR-2025-SMX-0164,SMX,TX-5187B,A,2025-03-30,TX-5187B Shaft Crack,Class A Eq. Breakdown,IV,6,STA-01,RISK CLOSED,INS,TX,SHAFT,Crack,32.6,972.43,0.0,972.43,,Mar-2025
365,MTO-2025-OPU-0365,NAN,OPU,TX-3711B,B,2025-04-04,TX-3711B Bearing Worn Out,Inspection Report,III,400,ELE-01,RISK CLOSED,INS,TX,BEARING,Worn Out,0.0,0.37,0.0,0.37,,Apr-2025
213,MTO-2025-SMX-0213,NAN,SMX,KO-8443C,C,2025-04-10,KO-8443C Bearing Worn Out,Uptime Loss,III,600,REL-02,CA/PA EXECUTION,ROT,CO,BEARING,Worn Out,5.3,97.34,34.85,132.19,2025-06-09,Apr-2025
290,MTO-2025-CRP-0290,AR-2025-CRP-0047,CRP,PM-6780,A,2025-04-11,PM-6780 Gasket Leakage,UPSD / Delay Start-up,IV,40,INS-01,MONITORING RESULT,ELE,EM,GASKET,Leakage,3.6,85.73,0.0,85.73,,Apr-2025
74,MTO-2025-BRP-0074,NAN,BRP,CV-2925B,A,2025-04-13,CV-2925B Impeller Worn Out,Uptime Loss,III,400,INS-01,RCA PROCESS,INS,VA,IMPELLER,Worn Out,11.0,308.72,32.18,340.9,2025-05-13,Apr-2025
193,MTO-2025-ARP-0193,NAN,ARP,PM-7974A,B,2025-04-17,PM-7974A Bearing Worn Out,UPSD / Delay Start-up,III,400,STA-01,RCA PROCESS,ELE,EM,BEARING,Worn Out,8.5,221.96,31.28,253.24,2025-06-16,Apr-2025
357,MTO-2025-ARP-0357,NAN,ARP,TR-2385,A,2025-04-19,TR-2385 Bearing High Vibration,Uptime Loss,IV,40,REL-03,RISK CLOSED,ELE,TR,BEARING,High Vibration,2.2,83.98,0.0,83.98,,Apr-2025
12,MTO-2025-SMX-0012,NAN,SMX,RX-6438,B,2025-04-22,RX-6438 Shaft Crack,Uptime Loss,II,2000,ELE-02,CA/PA EXECUTION,STA,RX,SHAFT,Crack,17.3,722.5,12.94,735.44,2025-05-22,Apr-2025
315,MTO-2025-BRP-0315,NAN,BRP,PZ-5007,B,2025-04-22,PZ-5007 Seal Leakage,Equipment Bad Actor,III,400,ROT-03,CA/PA EXECUTION,INS,PZ,SEAL,Leakage,0.0,2.33,4.73,7.06,2025-06-21,Apr-2025
10,MTO-2025-ARP-0010,NAN,ARP,PM-6523C,B,2025-04-26,PM-6523C Gasket Leakage,UPSD / Delay Start-up,II,4000,REL-03,RCA PROCESS,ELE,EM,GASKET,Leakage,8.4,415.26,39.99,455.25,2025-06-25,Apr-2025
198,MTO-2025-CRP-0198,AR-2025-CRP-0058,CRP,KO-4139B,A,2025-04-30,KO-4139B Transmitter Error,UPSD / Delay Start-up,III,200,ROT-01,RISK CLOSED,ROT,CO,TRANSMITTER,Error,7.3,97.94,0.0,97.94,,Apr-2025
123,MTO-2025-OPP-0123,NAN,OPP,AZ-1653C,B,2025-05-03,AZ-1653C Oil Seal Leakage,Class A Eq. Breakdown,IV,60,REL-03,RISK CLOSED,INS,SX,OIL SEAL,Leakage,3.1,114.68,0.0,114.68,,May-2025
252,MTO-2025-CRP-0252,NAN,CRP,HE-2011,A,2025-05-13,HE-2011 Coupling Loose,Inspection Report,IV,6,REL-02,CA/PA EXECUTION,STA,HB,COUPLING,Loose,0.0,4.61,18.99,23.6,2025-06-12,May-2025
234,MTO-2025-SMX-0234,AR-2025-SMX-0129,SMX,CD-4479B,A,2025-05-17,CD-4479B Solenoid Malfunction,Equipment Bad Actor,III,400,OPS-01,RCA PROCESS,STA,CD,SOLENOID,Malfunction,0.0,2.31,41.88,44.19,2025-07-01,May-2025
327,MTO-2025-ZCU-0327,AR-2025-ZCU-0183,ZCU,CD-5263B,A,2025-05-17,CD-5263B Control Valve Leakage,Uptime Loss,III,400,INS-01,CA/PA EXECUTION,STA,CD,VALVE,Leakage,1.6,60.32,29.73,90.05,2025-06-16,May-2025
300,MTO-2025-ZCU-0300,NAN,ZCU,TX-6415B,A,2025-05-22,TX-6415B Gearbox High Vibration,Class A Eq. Breakdown,IV,60,REL-02,RISK CLOSED,ROT,TX,GEARBOX,High Vibration,3.9,155.75,0.0,155.75,,May-2025
356,MTO-2025-OP2-0356,AR-2025-OP2-0140,OP2,PM-5293C,A,2025-05-24,PM-5293C Bearing High Vibration,Uptime Loss,III,200,ELE-02,RISK CLOSED,ELE,EM,BEARING,High Vibration,4.8,219.03,0.0,219.03,,May-2025
163,MTO-2025-ZCU-0163,NAN,ZCU,BL-4656C,A,2025-05-27,BL-4656C Control Valve Stuck,Class A Eq. Breakdown,III,400,STA-01,RISK CLOSED,ROT,BL,VALVE,Stuck,2.7,123.74,0.0,123.74,,May-2025
363,MTO-2025-OP3-0363,AR-2025-OP3-0123,OP3,TR-7614,A,2025-05-28,TR-7614 Gearbox High Vibration,UPSD / Delay Start-up,IV,40,ROT-02,NEW REGISTERED,ELE,TR,GEARBOX,High Vibration,20.4,617.14,18.5,635.64,2025-07-27,May-2025
269,MTO-2025-ARP-0269,AR-2025-ARP-0048,ARP,SW-6175C,A,2025-06-03,SW-6175C Bearing High Vibration,Uptime Loss,II,2000,STA-02,RISK CLOSED,ELE,SW,BEARING,High Vibration,3.6,140.67,0.0,140.67,,Jun-2025
322,MTO-2025-OP2-0322,NAN,OP2,PU-6149,C,2025-06-06,PU-6149 Control Valve Leakage,Class A Eq. Breakdown,IV,40,OPS-01,RCA PROCESS,ROT,PU,VALVE,Leakage,2.6,84.19,38.5,122.69,2025-08-05,Jun-2025
106,MTO-2025-OP2-0106,NAN,OP2,PU-7657,B,2025-06-08,PU-7657 Coupling Worn Out,Class A Eq. Breakdown,IV,40,REL-05,NEW REGISTERED,ROT,PU,COUPLING,Worn Out,4.1,145.0,41.19,186.19,2025-07-23,Jun-2025
151,MTO-2025-OP2-0151,NAN,OP2,BL-4956,A,2025-06-10,BL-4956 Motor Low Performance,Class A Eq. Breakdown,IV,6,ROT-03,RISK CLOSED,ROT,BL,MOTOR,Low Performance,5.0,90.36,0.0,90.36,,Jun-2025
265,MTO-2025-OP3-0265,NAN,OP3,TR-3550,B,2025-06-13,TR-3550 Bearing High Vibration,Uptime Loss,IV,6,STA-01,CA/PA EXECUTION,ELE,TR,BEARING,High Vibration,6.3,91.89,26.95,118.84,2025-07-13,Jun-2025
141,MTO-2025-BRP-0141,NAN,BRP,HE-1090B,B,2025-06-15,HE-1090B Shaft Crack,UPSD / Delay Start-up,IV,60,ROT-01,CA/PA EXECUTION,STA,HB,SHAFT,Crack,16.1,578.12,32.56,610.68,2025-08-14,Jun-2025
16,MTO-2025-NUP-0016,AR-2025-NUP-0234,NUP,PU-8272,A,2025-06-16,PU-8272 Exchanger Fouling,Uptime Loss,IV,6,INS-01,RISK CLOSED,ROT,PU,TUBE BUNDLE,Fouling,5.2,124.25,0.0,124.25,,Jun-2025
209,MTO-2025-OPP-0209,NAN,OPP,TX-7941A,B,2025-06-16,TX-7941A Motor Low Performance,Uptime Loss,III,400,REL-03,RISK CLOSED,INS,TX,MOTOR,Low Performance,0.5,9.9,0.0,9.9,,Jun-2025
373,MTO-2025-BDX-0373,AR-2025-BDX-0026,BDX,TK-2331A,A,2025-06-20,TK-2331A Mechanical Seal Leak,Class A Eq. Breakdown,IV,40,ROT-01,MONITORING RESULT,STA,TK,MECHANICAL SEAL,Leakage,9.6,324.31,0.0,324.31,,Jun-2025
67,MTO-2025-OPP-0067,AR-2025-OPP-0099,OPP,PM-4639,A,2025-06-24,PM-4639 Mechanical Seal Leak,Uptime Loss,III,200,ROT-01,CA/PA EXECUTION,ROT,EM,MECHANICAL SEAL,Leakage,14.9,238.73,22.19,260.92,2025-08-08,Jun-2025
34,MTO-2025-ARP-0034,AR-2025-ARP-0213,ARP,TX-3672C,A,2025-06-28,TX-3672C Rotor High Vibration,Equipment Bad Actor,IV,40,REL-03,RCA PROCESS,INS,TX,ROTOR,High Vibration,0.0,4.55,6.05,10.6,2025-08-12,Jun-2025
19,MTO-2025-OP2-0019,AR-2025-OP2-0135,OP2,PM-3818A,A,2025-06-29,PM-3818A Control Valve Stuck,Class A Eq. Breakdown,III,400,ROT-02,RISK CLOSED,ROT,EM,VALVE,Stuck,10.7,254.95,0.0,254.95,,Jun-2025
31,MTO-2025-ARP-0031,NAN,ARP,TR-5690,B,2025-06-30,TR-5690 Motor Low Performance,Class A Eq. Breakdown,II,2000,ROT-01,NEW REGISTERED,ELE,TR,MOTOR,Low Performance,3.9,64.66,19.46,84.12,2025-08-29,Jun-2025
262,MTO-2025-BDX-0262,NAN,BDX,RX-8147A,A,2025-07-02,RX-8147A Transmitter Error,Class A Eq. Breakdown,IV,60,REL-05,NEW REGISTERED,STA,RX,TRANSMITTER,Error,6.7,231.37,30.57,261.94,2025-08-01,Jul-2025
140,MTO-2025-OP3-0140,AR-2025-OP3-0228,OP3,TK-1610C,A,2025-07-07,TK-1610C Transmitter Error,UPSD / Delay Start-up,II,2000,INS-01,RCA PROCESS,STA,TK,TRANSMITTER,Error,8.6,189.71,22.18,211.89,2025-09-05,Jul-2025
256,MTO-2025-ARP-0256,AR-2025-ARP-0130,ARP,TR-8066,A,2025-07-15,TR-8066 Solenoid Malfunction,Equipment Bad Actor,III,400,ROT-01,RISK CLOSED,ELE,TR,SOLENOID,Malfunction,0.0,1.87,0.0,1.87,,Jul-2025
53,MTO-2025-ARP-0053,NAN,ARP,BL-6185,A,2025-07-27,BL-6185 Gearbox High Vibration,Equipment Bad Actor,III,400,ROT-01,NEW REGISTERED,ROT,BL,GEARBOX,High Vibration,0.0,2.73,39.82,42.55,2025-08-26,Jul-2025
60,MTO-2025-ZCU-0060,NAN,ZCU,CV-8863C,B,2025-07-29,CV-8863C Oil Seal Leakage,Class A Eq. Breakdown,II,2000,INS-01,RCA PROCESS,INS,VA,OIL SEAL,Leakage,5.9,69.72,8.42,78.14,2025-08-28,Jul-2025
87,MTO-2025-ZCU-0087,NAN,ZCU,TX-5573B,B,2025-07-29,TX-5573B Gasket Leakage,UPSD / Delay Start-up,IV,6,REL-03,RCA PROCESS,INS,TX,GASKET,Leakage,4.5,75.69,29.4,105.09,2025-09-12,Jul-2025
187,MTO-2025-BRP-0187,NAN,BRP,TK-2079B,C,2025-08-01,TK-2079B Shaft Crack,Uptime Loss,III,200,ELE-01,RISK CLOSED,STA,TK,SHAFT,Crack,4.9,123.12,0.0,123.12,,Aug-2025
137,MTO-2025-OPP-0137,NAN,OPP,SW-3674B,A,2025-08-02,SW-3674B Bearing Overheat,Class A Eq. Breakdown,IV,60,STA-02,CA/PA EXECUTION,ELE,SW,BEARING,Overheat,0.7,24.12,25.07,49.19,2025-09-16,Aug-2025
179,MTO-2025-ARP-0179,NAN,ARP,HE-5523,B,2025-08-03,HE-5523 Gasket Leakage,Uptime Loss,III,600,ROT-02,RCA PROCESS,STA,HB,GASKET,Leakage,14.6,484.54,31.38,515.92,2025-09-17,Aug-2025
312,MTO-2025-ZCU-0312,NAN,ZCU,FN-5984,A,2025-08-04,FN-5984 Exchanger Fouling,Class A Eq. Breakdown,III,400,ELE-01,RISK CANCELED,ROT,FA,TUBE BUNDLE,Fouling,2.0,46.4,0.0,46.4,,Aug-2025
324,MTO-2025-CRP-0324,NAN,CRP,PM-7696,B,2025-08-04,PM-7696 Mechanical Seal Leak,Uptime Loss,IV,60,ELE-01,RISK CLOSED,ROT,EM,MECHANICAL SEAL,Leakage,1.9,81.4,0.0,81.4,,Aug-2025
124,MTO-2025-OP2-0124,NAN,OP2,HE-6128,B,2025-08-09,HE-6128 Blade Breakage,Class A Eq. Breakdown,IV,60,ELE-02,MONITORING RESULT,STA,HB,BLADE,Breakage,5.7,158.25,0.0,158.25,,Aug-2025
287,MTO-2025-OP2-0287,NAN,OP2,TX-4451,B,2025-08-10,TX-4451 Oil Seal Leakage,UPSD / Delay Start-up,IV,40,INS-01,RISK CLOSED,INS,TX,OIL SEAL,Leakage,1.7,78.81,0.0,78.81,,Aug-2025
249,MTO-2025-OPP-0249,AR-2025-OPP-0032,OPP,CD-5066A,A,2025-08-14,CD-5066A Seal Leakage,Inspection Report,IV,60,INS-01,CA/PA EXECUTION,STA,CD,SEAL,Leakage,0.0,1.39,45.72,47.11,2025-09-13,Aug-2025
44,MTO-2025-ZCU-0044,NAN,ZCU,CV-6587,B,2025-08-18,CV-6587 Bearing Overheat,Uptime Loss,IV,6,INS-02,RISK CANCELED,INS,VA,BEARING,Overheat,2.0,66.02,0.0,66.02,,Aug-2025
330,MTO-2025-OPU-0330,NAN,OPU,FN-8723B,B,2025-08-21,FN-8723B Gearbox High Vibration,Uptime Loss,III,200,REL-05,RCA PROCESS,ROT,FA,GEARBOX,High Vibration,3.8,87.05,31.3,118.35,2025-10-20,Aug-2025
210,MTO-2025-OP2-0210,NAN,OP2,PM-2733C,B,2025-08-24,PM-2733C Control Valve Stuck,Equipment Bad Actor,III,400,ROT-01,RISK CANCELED,ELE,EM,VALVE,Stuck,0.0,2.68,0.0,2.68,,Aug-2025
254,MTO-2025-ARP-0254,NAN,ARP,FN-8551C,A,2025-08-26,FN-8551C Shaft Crack,Uptime Loss,II,4000,INS-01,CA/PA EXECUTION,ROT,FA,SHAFT,Crack,26.7,825.31,31.96,857.27,2025-10-10,Aug-2025
65,MTO-2025-ZCU-0065,NAN,ZCU,PU-8189A,B,2025-08-28,PU-8189A Exchanger Fouling,Class A Eq. Breakdown,III,600,ELE-02,RISK CLOSED,ROT,PU,TUBE BUNDLE,Fouling,16.9,428.84,0.0,428.84,,Aug-2025
24,MTO-2025-OP2-0024,NAN,OP2,PM-8055,B,2025-08-31,PM-8055 Oil Seal Leakage,UPSD / Delay Start-up,IV,40,ELE-02,RISK CLOSED,ELE,EM,OIL SEAL,Leakage,5.2,118.19,0.0,118.19,,Aug-2025
361,MTO-2025-OPU-0361,AR-2025-OPU-0126,OPU,SW-2477,A,2025-08-31,SW-2477 Transmitter Error,Uptime Loss,IV,6,STA-02,RISK CLOSED,ELE,SW,TRANSMITTER,Error,5.3,148.37,0.0,148.37,,Aug-2025
364,MTO-2025-OPU-0364,NAN,OPU,TK-4573B,B,2025-08-31,TK-4573B Control Valve Leakage,UPSD / Delay Start-up,III,200,REL-02,NEW REGISTERED,STA,TK,VALVE,Leakage,7.6,143.85,21.64,165.49,2025-09-30,Aug-2025
366,MTO-2025-OPP-0366,NAN,OPP,TK-2587,A,2025-09-03,TK-2587 Coupling Loose,Class A Eq. Breakdown,II,4000,ELE-01,RISK CANCELED,STA,TK,COUPLING,Loose,0.4,8.87,0.0,8.87,,Sep-2025
105,MTO-2025-OP3-0105,NAN,OP3,TX-5871,A,2025-09-10,TX-5871 Control Valve Leakage,UPSD / Delay Start-up,IV,40,ROT-02,RISK CLOSED,INS,TX,VALVE,Leakage,5.0,245.69,0.0,245.69,,Sep-2025
43,MTO-2025-SMX-0043,AR-2025-SMX-0056,SMX,PZ-1300C,A,2025-09-13,PZ-1300C Solenoid Malfunction,Class A Eq. Breakdown,IV,40,STA-01,RISK CLOSED,INS,PZ,SOLENOID,Malfunction,0.5,15.97,0.0,15.97,,Sep-2025
296,MTO-2025-OPP-0296,NAN,OPP,KO-5432C,C,2025-09-14,KO-5432C Transmitter Error,UPSD / Delay Start-up,III,200,REL-05,RISK CLOSED,ROT,CO,TRANSMITTER,Error,6.8,292.65,0.0,292.65,,Sep-2025
301,MTO-2025-SMX-0301,AR-2025-SMX-0229,SMX,AZ-4525A,A,2025-09-14,AZ-4525A Gasket Leakage,Class A Eq. Breakdown,II,2000,INS-02,CA/PA EXECUTION,INS,SX,GASKET,Leakage,0.6,27.59,39.08,66.67,2025-10-29,Sep-2025
362,MTO-2025-NUP-0362,AR-2025-NUP-0190,NUP,FN-1399,A,2025-09-15,FN-1399 Control Valve Stuck,UPSD / Delay Start-up,IV,40,ROT-03,RISK CANCELED,ROT,FA,VALVE,Stuck,5.4,121.65,0.0,121.65,,Sep-2025
14,MTO-2025-NUP-0014,NAN,NUP,FN-7159,B,2025-09-16,FN-7159 Bearing High Vibration,Equipment Bad Actor,III,200,REL-03,RISK CLOSED,ROT,FA,BEARING,High Vibration,0.0,3.45,0.0,3.45,,Sep-2025
304,MTO-2025-ARP-0304,NAN,ARP,BL-7719,C,2025-09-16,BL-7719 Rotor High Vibration,Class A Eq. Breakdown,IV,40,ELE-01,CA/PA EXECUTION,ROT,BL,ROTOR,High Vibration,13.5,305.47,30.02,335.49,2025-11-15,Sep-2025
126,MTO-2025-ARP-0126,NAN,ARP,PZ-2526C,A,2025-09-23,PZ-2526C Motor Low Performance,Uptime Loss,IV,6,STA-01,RISK CLOSED,INS,PZ,MOTOR,Low Performance,4.9,98.68,0.0,98.68,,Sep-2025
336,MTO-2025-NUP-0336,NAN,NUP,SW-5367,A,2025-09-23,SW-5367 Oil Seal Leakage,Uptime Loss,IV,40,REL-03,MONITORING RESULT,ELE,SW,OIL SEAL,Leakage,5.0,80.64,0.0,80.64,,Sep-2025
302,MTO-2025-ZCU-0302,NAN,ZCU,KO-4538B,A,2025-09-27,KO-4538B Seal Leakage,Class A Eq. Breakdown,IV,40,STA-01,RISK CANCELED,ROT,CO,SEAL,Leakage,1.0,32.29,0.0,32.29,,Sep-2025
311,MTO-2025-ARP-0311,NAN,ARP,CV-2117A,B,2025-10-04,CV-2117A Rotor High Vibration,Uptime Loss,IV,40,ELE-01,CA/PA EXECUTION,INS,VA,ROTOR,High Vibration,12.6,432.74,31.84,464.58,2025-11-18,Oct-2025
115,MTO-2025-OPP-0115,NAN,OPP,PZ-5870,B,2025-10-07,PZ-5870 Bearing High Vibration,Inspection Report,IV,6,REL-02,CA/PA EXECUTION,INS,PZ,BEARING,High Vibration,0.0,0.21,45.91,46.12,2025-11-06,Oct-2025
376,MTO-2025-ZCU-0376,AR-2025-ZCU-0090,ZCU,CD-7057A,A,2025-10-09,CD-7057A Control Valve Leakage,Uptime Loss,IV,60,ROT-02,CA/PA EXECUTION,STA,CD,VALVE,Leakage,3.4,116.52,5.62,122.14,2025-11-23,Oct-2025
211,MTO-2025-SMX-0211,AR-2025-SMX-0136,SMX,SW-3110,A,2025-10-10,SW-3110 Control Valve Stuck,Class A Eq. Breakdown,IV,40,ROT-02,CA/PA EXECUTION,ELE,SW,VALVE,Stuck,2.9,123.13,33.72,156.85,2025-11-24,Oct-2025
309,MTO-2025-ZCU-0309,AR-2025-ZCU-0152,ZCU,PM-4339B,A,2025-10-10,PM-4339B Coupling Worn Out,UPSD / Delay Start-up,IV,6,OPS-01,RISK CLOSED,ELE,EM,COUPLING,Worn Out,2.6,64.37,0.0,64.37,,Oct-2025
135,MTO-2025-ZCU-0135,AR-2025-ZCU-0212,ZCU,TX-3876B,A,2025-10-12,TX-3876B Control Valve Stuck,Equipment Bad Actor,III,600,ROT-02,RISK CANCELED,ROT,TX,VALVE,Stuck,0.0,2.75,0.0,2.75,,Oct-2025
154,MTO-2025-OPP-0154,AR-2025-OPP-0185,OPP,PZ-3313B,A,2025-10-14,PZ-3313B Coupling Loose,Equipment Bad Actor,II,4000,REL-03,CA/PA EXECUTION,INS,PZ,COUPLING,Loose,0.0,1.82,47.58,49.4,2025-12-13,Oct-2025
215,MTO-2025-ARP-0215,AR-2025-ARP-0117,ARP,TX-4180,A,2025-10-15,TX-4180 Shaft Crack,Equipment Bad Actor,IV,60,ELE-01,CA/PA EXECUTION,ROT,TX,SHAFT,Crack,0.0,2.96,15.74,18.7,2025-11-14,Oct-2025
223,MTO-2025-OP3-0223,NAN,OP3,PZ-4078B,A,2025-10-17,PZ-4078B Bearing Overheat,Equipment Bad Actor,IV,60,ELE-01,RISK CANCELED,INS,PZ,BEARING,Overheat,0.0,4.89,0.0,4.89,,Oct-2025
326,MTO-2025-NUP-0326,AR-2025-NUP-0091,NUP,PM-4861B,A,2025-10-18,PM-4861B Seal Leakage,Equipment Bad Actor,III,200,INS-01,CA/PA EXECUTION,ROT,EM,SEAL,Leakage,0.0,1.29,7.51,8.8,2025-11-17,Oct-2025
342,MTO-2025-ARP-0342,NAN,ARP,BL-6590,B,2025-10-20,BL-6590 Solenoid Malfunction,Class A Eq. Breakdown,IV,60,REL-03,RCA PROCESS,ROT,BL,SOLENOID,Malfunction,5.3,163.04,41.97,205.01,2025-12-19,Oct-2025
63,MTO-2025-OP3-0063,NAN,OP3,CV-1608A,C,2025-10-23,CV-1608A Oil Seal Leakage,Class A Eq. Breakdown,IV,6,INS-01,RISK CANCELED,INS,VA,OIL SEAL,Leakage,1.2,41.85,0.0,41.85,,Oct-2025
236,MTO-2025-ARP-0236,NAN,ARP,TX-3574C,A,2025-10-23,TX-3574C Solenoid Malfunction,Uptime Loss,IV,60,ROT-02,RISK CLOSED,ROT,TX,SOLENOID,Malfunction,7.3,142.83,0.0,142.83,,Oct-2025
18,MTO-2025-SMX-0018,AR-2025-SMX-0109,SMX,SW-4963,A,2025-10-25,SW-4963 Control Valve Leakage,Class A Eq. Breakdown,III,600,ROT-02,MONITORING RESULT,ELE,SW,VALVE,Leakage,12.5,187.39,0.0,187.39,,Oct-2025
52,MTO-2025-BDX-0052,NAN,BDX,PZ-7054B,A,2025-10-25,PZ-7054B Motor Low Performance,Class A Eq. Breakdown,IV,40,INS-01,RISK CANCELED,INS,PZ,MOTOR,Low Performance,1.6,60.91,0.0,60.91,,Oct-2025
146,MTO-2025-OPP-0146,NAN,OPP,AZ-1094B,A,2025-10-25,AZ-1094B Impeller Worn Out,Equipment Bad Actor,III,200,ELE-02,MONITORING RESULT,INS,SX,IMPELLER,Worn Out,0.0,3.39,0.0,3.39,,Oct-2025
238,MTO-2025-ARP-0238,AR-2025-ARP-0129,ARP,TK-6178A,A,2025-10-30,TK-6178A Control Valve Leakage,UPSD / Delay Start-up,IV,40,INS-02,RISK CLOSED,STA,TK,VALVE,Leakage,4.3,90.29,0.0,90.29,,Oct-2025
171,MTO-2025-NUP-0171,NAN,NUP,HE-2776A,A,2025-11-14,HE-2776A Oil Seal Leakage,Equipment Bad Actor,IV,40,ROT-03,CA/PA EXECUTION,STA,HB,OIL SEAL,Leakage,0.0,4.75,10.03,14.78,2026-01-13,Nov-2025
378,MTO-2025-OP2-0378,AR-2025-OP2-0016,OP2,TK-2277B,A,2025-11-18,TK-2277B Solenoid Malfunction,Equipment Bad Actor,III,200,OPS-01,RCA PROCESS,STA,TK,SOLENOID,Malfunction,0.0,2.23,26.07,28.3,2026-01-02,Nov-2025
233,MTO-2025-OP3-0233,AR-2025-OP3-0024,OP3,KO-8837B,A,2025-11-20,KO-8837B Shaft Crack,Uptime Loss,IV,6,ROT-03,CA/PA EXECUTION,ROT,CO,SHAFT,Crack,9.8,235.19,21.29,256.48,2025-12-20,Nov-2025
228,MTO-2025-BRP-0228,AR-2025-BRP-0122,BRP,BL-4356,A,2025-11-22,BL-4356 Bearing High Vibration,Uptime Loss,IV,6,ROT-02,RISK CLOSED,ROT,BL,BEARING,High Vibration,2.7,66.07,0.0,66.07,,Nov-2025
48,MTO-2025-ARP-0048,AR-2025-ARP-0121,ARP,RX-8843,A,2025-11-27,RX-8843 Shaft Crack,Class A Eq. Breakdown,III,200,ELE-02,CA/PA EXECUTION,STA,RX,SHAFT,Crack,10.0,265.81,7.28,273.09,2025-12-27,Nov-2025
71,MTO-2025-ZCU-0071,NAN,ZCU,PU-5209B,A,2025-11-28,PU-5209B Gearbox High Vibration,Equipment Bad Actor,IV,60,INS-02,RCA PROCESS,ROT,PU,GEARBOX,High Vibration,0.0,1.43,33.24,34.67,2026-01-27,Nov-2025
35,MTO-2025-CRP-0035,NAN,CRP,SW-1565,B,2025-11-30,SW-1565 Bearing Worn Out,Equipment Bad Actor,IV,60,STA-02,RISK CLOSED,ELE,SW,BEARING,Worn Out,0.0,1.66,0.0,1.66,,Nov-2025
27,MTO-2025-SMX-0027,AR-2025-SMX-0167,SMX,PM-1191,A,2025-12-01,PM-1191 Transmitter Error,Class A Eq. Breakdown,IV,40,REL-03,RISK CLOSED,ELE,EM,TRANSMITTER,Error,5.0,135.61,0.0,135.61,,Dec-2025
64,MTO-2025-NUP-0064,NAN,NUP,FN-2136,B,2025-12-04,FN-2136 Rotor High Vibration,Uptime Loss,III,600,OPS-01,CA/PA EXECUTION,ROT,FA,ROTOR,High Vibration,11.1,269.32,4.16,273.48,2026-02-02,Dec-2025
292,MTO-2025-OPU-0292,AR-2025-OPU-0249,OPU,PU-4574B,A,2025-12-11,PU-4574B Mechanical Seal Leak,Uptime Loss,III,600,INS-02,RISK CLOSED,ROT,PU,MECHANICAL SEAL,Leakage,5.8,123.89,0.0,123.89,,Dec-2025
180,MTO-2025-OPP-0180,AR-2025-OPP-0142,OPP,TX-8678,A,2025-12-12,TX-8678 Seal Leakage,Inspection Report,III,200,OPS-01,MONITORING RESULT,ROT,TX,SEAL,Leakage,0.0,1.36,0.0,1.36,,Dec-2025
242,MTO-2025-OP2-0242,NAN,OP2,RX-3162,B,2025-12-15,RX-3162 Shaft Crack,Uptime Loss,IV,40,ELE-01,CA/PA EXECUTION,STA,RX,SHAFT,Crack,1.5,31.26,20.85,52.11,2026-01-14,Dec-2025
371,MTO-2025-ARP-0371,NAN,ARP,PM-8227B,B,2025-12-15,PM-8227B Mechanical Seal Leak,Uptime Loss,III,400,INS-02,RISK CLOSED,ELE,EM,MECHANICAL SEAL,Leakage,3.4,66.23,0.0,66.23,,Dec-2025
11,MTO-2025-SMX-0011,AR-2025-SMX-0125,SMX,SW-3411B,A,2025-12-16,SW-3411B Control Valve Leakage,Uptime Loss,III,400,INS-01,RISK CANCELED,ELE,SW,VALVE,Leakage,1.3,26.75,0.0,26.75,,Dec-2025
147,MTO-2025-BRP-0147,AR-2025-BRP-0230,BRP,AZ-3776A,A,2025-12-17,AZ-3776A Bearing Overheat,UPSD / Delay Start-up,IV,40,INS-01,MONITORING RESULT,INS,SX,BEARING,Overheat,4.6,69.21,0.0,69.21,,Dec-2025
90,MTO-2025-BDX-0090,NAN,BDX,PU-7196C,A,2025-12-19,PU-7196C Motor Low Performance,Uptime Loss,IV,60,STA-02,RISK CLOSED,ROT,PU,MOTOR,Low Performance,8.7,180.74,0.0,180.74,,Dec-2025
303,MTO-2025-CRP-0303,NAN,CRP,TX-3146,B,2025-12-21,TX-3146 Gasket Leakage,UPSD / Delay Start-up,III,400,REL-05,RISK CLOSED,ROT,TX,GASKET,Leakage,9.9,198.13,0.0,198.13,,Dec-2025
334,MTO-2025-OP2-0334,AR-2025-OP2-0209,OP2,HE-5877C,A,2025-12-22,HE-5877C Motor Low Performance,Uptime Loss,III,400,ROT-01,RISK CLOSED,STA,HB,MOTOR,Low Performance,4.6,53.94,0.0,53.94,,Dec-2025
243,MTO-2025-SMX-0243,NAN,SMX,PU-7148,B,2025-12-23,PU-7148 Exchanger Fouling,UPSD / Delay Start-up,III,200,ROT-03,MONITORING RESULT,ROT,PU,TUBE BUNDLE,Fouling,5.4,138.55,0.0,138.55,,Dec-2025
79,MTO-2025-OPU-0079,NAN,OPU,RX-3931,A,2025-12-25,RX-3931 Control Valve Stuck,Uptime Loss,IV,60,REL-02,RISK CLOSED,STA,RX,VALVE,Stuck,1.8,59.72,0.0,59.72,,Dec-2025
168,MTO-2025-OP2-0168,AR-2025-OP2-0118,OP2,PM-2566C,A,2025-12-25,PM-2566C Coupling Worn Out,Equipment Bad Actor,IV,60,ROT-02,CA/PA EXECUTION,ROT,EM,COUPLING,Worn Out,0.0,1.24,21.94,23.18,2026-02-08,Dec-2025
318,MTO-2025-ZCU-0318,NAN,ZCU,SW-8132A,A,2025-12-26,SW-8132A Shaft Crack,Class A Eq. Breakdown,IV,60,STA-02,RISK CLOSED,ELE,SW,SHAFT,Crack,10.6,361.23,0.0,361.23,,Dec-2025
328,MTO-2025-ZCU-0328,AR-2025-ZCU-0077,ZCU,AZ-2053C,A,2025-12-28,AZ-2053C Oil Seal Leakage,Uptime Loss,IV,6,STA-01,RISK CLOSED,INS,SX,OIL SEAL,Leakage,6.5,231.99,0.0,231.99,,Dec-2025
42,MTO-2025-SMX-0042,NAN,SMX,TX-1231B,B,2025-12-29,TX-1231B Rotor High Vibration,Uptime Loss,III,600,INS-01,NEW REGISTERED,INS,TX,ROTOR,High Vibration,5.9,207.2,17.18,224.38,2026-02-12,Dec-2025
100,MTO-2026-ZCU-0100,AR-2026-ZCU-0052,ZCU,KO-1172C,A,2026-01-03,KO-1172C Mechanical Seal Leak,Uptime Loss,II,4000,REL-02,RISK CANCELED,ROT,CO,MECHANICAL SEAL,Leakage,0.6,24.35,0.0,24.35,,Jan-2026
266,MTO-2026-ZCU-0266,NAN,ZCU,PZ-2759,A,2026-01-06,PZ-2759 Seal Leakage,Class A Eq. Breakdown,IV,6,ROT-01,RISK CLOSED,INS,PZ,SEAL,Leakage,2.2,53.4,0.0,53.4,,Jan-2026
230,MTO-2026-SMX-0230,NAN,SMX,PM-3251,A,2026-01-11,PM-3251 Seal Leakage,Inspection Report,III,400,INS-01,MONITORING RESULT,ROT,EM,SEAL,Leakage,0.0,2.84,0.0,2.84,,Jan-2026
80,MTO-2026-BDX-0080,AR-2026-BDX-0146,BDX,PZ-6299C,A,2026-01-15,PZ-6299C Exchanger Fouling,Class A Eq. Breakdown,III,400,ELE-01,MONITORING RESULT,INS,PZ,TUBE BUNDLE,Fouling,5.3,203.75,0.0,203.75,,Jan-2026
129,MTO-2026-OP2-0129,AR-2026-OP2-0171,OP2,BL-2287A,A,2026-01-16,BL-2287A Blade Breakage,Uptime Loss,IV,6,OPS-01,RISK CLOSED,ROT,BL,BLADE,Breakage,14.7,323.93,0.0,323.93,,Jan-2026
143,MTO-2026-OP2-0143,AR-2026-OP2-0038,OP2,HE-8579B,A,2026-01-17,HE-8579B Gasket Leakage,Class A Eq. Breakdown,II,2000,STA-01,NEW REGISTERED,STA,HB,GASKET,Leakage,3.9,142.19,14.8,156.99,2026-02-16,Jan-2026
114,MTO-2026-OP3-0114,NAN,OP3,RX-8190C,C,2026-01-18,RX-8190C Control Valve Leakage,Equipment Bad Actor,II,4000,REL-03,RISK CLOSED,STA,RX,VALVE,Leakage,0.0,1.13,0.0,1.13,,Jan-2026
96,MTO-2026-OPP-0096,NAN,OPP,KO-6912A,B,2026-01-27,KO-6912A Transmitter Error,Class A Eq. Breakdown,IV,40,STA-01,RISK CLOSED,ROT,CO,TRANSMITTER,Error,5.9,261.14,0.0,261.14,,Jan-2026
338,MTO-2026-OP3-0338,AR-2026-OP3-0237,OP3,PM-1108B,A,2026-01-29,PM-1108B Gasket Leakage,Uptime Loss,III,600,INS-02,RCA PROCESS,ELE,EM,GASKET,Leakage,8.4,399.71,12.32,412.03,2026-03-15,Jan-2026
73,MTO-2026-CRP-0073,AR-2026-CRP-0102,CRP,KO-2432C,A,2026-01-30,KO-2432C Control Valve Leakage,Class A Eq. Breakdown,III,400,STA-02,CA/PA EXECUTION,ROT,CO,VALVE,Leakage,5.1,57.99,49.09,107.08,2026-03-01,Jan-2026
29,MTO-2026-BDX-0029,AR-2026-BDX-0161,BDX,PM-5600B,A,2026-02-02,PM-5600B Transmitter Error,Uptime Loss,IV,60,ROT-03,CA/PA EXECUTION,ROT,EM,TRANSMITTER,Error,5.9,180.34,29.03,209.37,2026-03-19,Feb-2026
253,MTO-2026-NUP-0253,AR-2026-NUP-0080,NUP,RX-5939B,A,2026-02-03,RX-5939B Impeller Worn Out,Uptime Loss,III,200,ROT-03,RISK CANCELED,STA,RX,IMPELLER,Worn Out,0.9,25.54,0.0,25.54,,Feb-2026
331,MTO-2026-OP2-0331,AR-2026-OP2-0171,OP2,HE-4689A,A,2026-02-03,HE-4689A Oil Seal Leakage,UPSD / Delay Start-up,IV,6,STA-01,RISK CLOSED,STA,HB,OIL SEAL,Leakage,14.6,565.97,0.0,565.97,,Feb-2026
99,MTO-2026-OP3-0099,AR-2026-OP3-0227,OP3,TK-7586B,A,2026-02-07,TK-7586B Solenoid Malfunction,Uptime Loss,II,4000,INS-02,CA/PA EXECUTION,STA,TK,SOLENOID,Malfunction,6.0,230.09,27.96,258.05,2026-03-09,Feb-2026
306,MTO-2026-SMX-0306,AR-2026-SMX-0113,SMX,CD-6973,A,2026-02-08,CD-6973 Coupling Loose,UPSD / Delay Start-up,III,400,STA-02,RISK CLOSED,STA,CD,COUPLING,Loose,10.9,453.32,0.0,453.32,,Feb-2026
113,MTO-2026-OP3-0113,AR-2026-OP3-0014,OP3,PM-3131A,A,2026-02-19,PM-3131A Control Valve Leakage,Uptime Loss,IV,40,REL-05,MONITORING RESULT,ROT,EM,VALVE,Leakage,4.2,66.64,0.0,66.64,,Feb-2026
244,MTO-2026-OP2-0244,NAN,OP2,KO-1825,A,2026-02-21,KO-1825 Control Valve Leakage,Uptime Loss,IV,40,ELE-02,RISK CANCELED,ROT,CO,VALVE,Leakage,0.9,30.85,0.0,30.85,,Feb-2026
352,MTO-2026-BRP-0352,AR-2026-BRP-0164,BRP,FN-6098A,A,2026-02-21,FN-6098A Impeller Worn Out,Class A Eq. Breakdown,III,200,INS-02,CA/PA EXECUTION,ROT,FA,IMPELLER,Worn Out,7.5,249.4,0.95,250.35,2026-04-22,Feb-2026
152,MTO-2026-BDX-0152,AR-2026-BDX-0134,BDX,SW-1941A,A,2026-02-24,SW-1941A Coupling Loose,Class A Eq. Breakdown,IV,6,REL-05,RISK CLOSED,ELE,SW,COUPLING,Loose,6.1,196.28,0.0,196.28,,Feb-2026
82,MTO-2026-OPP-0082,AR-2026-OPP-0163,OPP,PM-1018A,A,2026-02-27,PM-1018A Solenoid Malfunction,Uptime Loss,IV,60,OPS-01,CA/PA EXECUTION,ROT,EM,SOLENOID,Malfunction,4.1,105.01,33.79,138.8,2026-04-28,Feb-2026
271,MTO-2026-NUP-0271,AR-2026-NUP-0161,NUP,CV-3290,A,2026-03-02,CV-3290 Coupling Loose,Class A Eq. Breakdown,II,2000,REL-05,CA/PA EXECUTION,INS,VA,COUPLING,Loose,9.7,443.01,43.78,486.79,2026-04-01,Mar-2026
164,MTO-2026-ZCU-0164,NAN,ZCU,PU-6682,A,2026-03-03,PU-6682 Motor Low Performance,Class A Eq. Breakdown,IV,60,STA-02,RISK CLOSED,ROT,PU,MOTOR,Low Performance,6.8,252.4,0.0,252.4,,Mar-2026
368,MTO-2026-OP3-0368,AR-2026-OP3-0224,OP3,CV-4393A,A,2026-03-05,CV-4393A Coupling Worn Out,Class A Eq. Breakdown,III,200,INS-01,RISK CANCELED,INS,VA,COUPLING,Worn Out,0.7,30.8,0.0,30.8,,Mar-2026
284,MTO-2026-SMX-0284,NAN,SMX,AZ-1128C,A,2026-03-06,AZ-1128C Motor Low Performance,Class A Eq. Breakdown,III,400,ROT-02,RISK CLOSED,INS,SX,MOTOR,Low Performance,1.6,67.99,0.0,67.99,,Mar-2026
1,MTO-2026-ARP-0031,AR-2026-ARP-0117,ARP,PU-2101B,B,2026-03-12,Feed — Mechanical Seal Leakage,Uptime Loss,III,200,REL-05,CA/PA EXECUTION,ROT,PU,MECHANICAL SEAL,Mechanical,18.5,226.44,67.93,294.37,2026-04-26,Mar-2026
241,MTO-2026-ZCU-0241,AR-2026-ZCU-0133,ZCU,HE-3559B,A,2026-03-13,HE-3559B Impeller Worn Out,Uptime Loss,IV,40,REL-03,CA/PA EXECUTION,STA,HB,IMPELLER,Worn Out,4.1,86.85,19.67,106.52,2026-05-12,Mar-2026
273,MTO-2026-OPP-0273,NAN,OPP,TX-1468,A,2026-03-19,TX-1468 Gasket Leakage,Equipment Bad Actor,II,4000,ELE-02,RCA PROCESS,INS,TX,GASKET,Leakage,0.0,2.72,44.01,46.73,2026-05-03,Mar-2026
346,MTO-2026-SMX-0346,AR-2026-SMX-0087,SMX,PU-8439A,A,2026-03-21,PU-8439A Coupling Worn Out,Uptime Loss,IV,40,REL-02,RCA PROCESS,ROT,PU,COUPLING,Worn Out,4.4,66.98,3.93,70.91,2026-05-05,Mar-2026
109,MTO-2026-TKX-0109,AR-2026-TKX-0226,TKX,TX-6768B,A,2026-03-22,TX-6768B Coupling Worn Out,Uptime Loss,III,200,INS-02,CA/PA EXECUTION,ROT,TX,COUPLING,Worn Out,9.3,189.3,34.61,223.91,2026-05-21,Mar-2026
20,MTO-2026-SMX-0020,NAN,SMX,PU-2895,B,2026-03-26,PU-2895 Control Valve Leakage,UPSD / Delay Start-up,III,400,REL-03,RCA PROCESS,ROT,PU,VALVE,Leakage,2.1,32.78,17.6,50.38,2026-04-25,Mar-2026
110,MTO-2026-BRP-0110,NAN,BRP,HE-1493,A,2026-03-27,HE-1493 Exchanger Fouling,Class A Eq. Breakdown,III,400,ROT-01,RISK CLOSED,STA,HB,TUBE BUNDLE,Fouling,6.6,154.34,0.0,154.34,,Mar-2026
227,MTO-2026-OPP-0227,NAN,OPP,TR-7081,C,2026-04-06,TR-7081 Impeller Worn Out,Uptime Loss,III,200,INS-01,CA/PA EXECUTION,ELE,TR,IMPELLER,Worn Out,14.6,339.26,48.12,387.38,2026-06-05,Apr-2026
186,MTO-2026-CRP-0186,NAN,CRP,PU-1676A,B,2026-04-07,PU-1676A Control Valve Stuck,Uptime Loss,IV,40,REL-05,RISK CLOSED,ROT,PU,VALVE,Stuck,13.7,476.28,0.0,476.28,,Apr-2026
350,MTO-2026-SMX-0350,AR-2026-SMX-0033,SMX,TX-4166C,A,2026-04-08,TX-4166C Shaft Crack,Class A Eq. Breakdown,IV,40,REL-03,RCA PROCESS,ROT,TX,SHAFT,Crack,2.1,29.99,19.26,49.25,2026-05-23,Apr-2026
118,MTO-2026-NUP-0118,NAN,NUP,TR-2677C,B,2026-04-09,TR-2677C Exchanger Fouling,UPSD / Delay Start-up,III,400,STA-01,CA/PA EXECUTION,ELE,TR,TUBE BUNDLE,Fouling,9.2,340.38,15.25,355.63,2026-05-09,Apr-2026
54,MTO-2026-OPP-0054,NAN,OPP,FN-1575,B,2026-04-13,FN-1575 Bearing High Vibration,Class A Eq. Breakdown,IV,60,INS-01,RISK CANCELED,ROT,FA,BEARING,High Vibration,2.1,74.72,0.0,74.72,,Apr-2026
308,MTO-2026-SMX-0308,NAN,SMX,SW-5057,B,2026-04-16,SW-5057 Bearing Overheat,Uptime Loss,IV,60,STA-02,CA/PA EXECUTION,ELE,SW,BEARING,Overheat,7.1,109.38,18.0,127.38,2026-05-31,Apr-2026
375,MTO-2026-ZCU-0375,AR-2026-ZCU-0244,ZCU,KO-5329A,A,2026-04-18,KO-5329A Shaft Crack,Uptime Loss,III,600,REL-03,RCA PROCESS,ROT,CO,SHAFT,Crack,6.8,150.88,35.69,186.57,2026-06-02,Apr-2026
259,MTO-2026-OPP-0259,NAN,OPP,PM-2842A,A,2026-04-20,PM-2842A Gearbox High Vibration,Uptime Loss,IV,40,ROT-03,RISK CLOSED,ROT,EM,GEARBOX,High Vibration,10.3,398.34,0.0,398.34,,Apr-2026
178,MTO-2026-ZCU-0178,NAN,ZCU,PM-3070,B,2026-04-21,PM-3070 Bearing High Vibration,Class A Eq. Breakdown,III,200,REL-03,CA/PA EXECUTION,ROT,EM,BEARING,High Vibration,7.8,135.14,35.04,170.18,2026-06-05,Apr-2026
204,MTO-2026-NUP-0204,AR-2026-NUP-0071,NUP,KO-4022B,A,2026-04-23,KO-4022B Motor Low Performance,Uptime Loss,III,400,REL-05,NEW REGISTERED,ROT,CO,MOTOR,Low Performance,20.7,609.41,9.79,619.2,2026-05-23,Apr-2026
354,MTO-2026-OPP-0354,NAN,OPP,HE-2751B,C,2026-04-26,HE-2751B Gasket Leakage,Uptime Loss,IV,60,ELE-02,RCA PROCESS,STA,HB,GASKET,Leakage,5.7,167.55,23.62,191.17,2026-05-26,Apr-2026
374,MTO-2026-BRP-0374,NAN,BRP,BL-3069,A,2026-04-26,BL-3069 Gearbox High Vibration,Uptime Loss,IV,40,ELE-02,RISK CLOSED,ROT,BL,GEARBOX,High Vibration,12.2,465.39,0.0,465.39,,Apr-2026
2,MTO-2026-ZCU-0058,AR-2026-ZCU-0142,ZCU,KO-3201,A,2026-04-29,Cracked — High Radial Vibration Trip (Bearing Distress),Class A Eq. Breakdown,II,4000,REL-05,CA/PA EXECUTION,ROT,CO,JOURNAL BEARING,High,32.0,1584.0,475.2,2059.2,2026-06-13,Apr-2026
349,MTO-2026-CRP-0349,NAN,CRP,TR-6629,B,2026-05-01,TR-6629 Control Valve Leakage,UPSD / Delay Start-up,III,200,OPS-01,RISK CANCELED,ELE,TR,VALVE,Leakage,0.1,2.68,0.0,2.68,,May-2026
84,MTO-2026-BRP-0084,AR-2026-BRP-0117,BRP,PM-8555B,A,2026-05-03,PM-8555B Impeller Worn Out,Equipment Bad Actor,IV,6,ROT-02,CA/PA EXECUTION,ROT,EM,IMPELLER,Worn Out,0.0,0.82,19.86,20.68,2026-07-02,May-2026
185,MTO-2026-OPU-0185,AR-2026-OPU-0114,OPU,TK-6644B,A,2026-05-04,TK-6644B Bearing High Vibration,Equipment Bad Actor,IV,6,INS-02,CA/PA EXECUTION,STA,TK,BEARING,High Vibration,0.0,3.89,15.61,19.5,2026-06-18,May-2026
344,MTO-2026-NUP-0344,NAN,NUP,PU-4158C,B,2026-05-04,PU-4158C Transmitter Error,Class A Eq. Breakdown,IV,60,INS-02,CA/PA EXECUTION,ROT,PU,TRANSMITTER,Error,7.1,104.63,37.56,142.19,2026-06-18,May-2026
214,MTO-2026-OP3-0214,NAN,OP3,CD-4129B,C,2026-05-07,CD-4129B Blade Breakage,Equipment Bad Actor,IV,6,STA-01,CA/PA EXECUTION,STA,CD,BLADE,Breakage,0.0,4.28,25.11,29.39,2026-06-21,May-2026
235,MTO-2026-ZCU-0235,NAN,ZCU,CD-3123,B,2026-05-09,CD-3123 Seal Leakage,Class A Eq. Breakdown,III,200,REL-03,RCA PROCESS,STA,CD,SEAL,Leakage,4.9,223.72,8.74,232.46,2026-07-08,May-2026
367,MTO-2026-BRP-0367,AR-2026-BRP-0145,BRP,BL-8480,A,2026-05-10,BL-8480 Blade Breakage,Uptime Loss,IV,6,REL-02,RISK CANCELED,ROT,BL,BLADE,Breakage,0.4,10.69,0.0,10.69,,May-2026
39,MTO-2026-OP3-0039,AR-2026-OP3-0200,OP3,TX-3884B,A,2026-05-11,TX-3884B Impeller Worn Out,Class A Eq. Breakdown,IV,40,STA-01,RCA PROCESS,INS,TX,IMPELLER,Worn Out,12.8,232.98,32.22,265.2,2026-06-25,May-2026
359,MTO-2026-SMX-0359,AR-2026-SMX-0031,SMX,SW-8148,A,2026-05-11,SW-8148 Solenoid Malfunction,Uptime Loss,III,400,REL-02,RCA PROCESS,ELE,SW,SOLENOID,Malfunction,3.7,104.65,33.19,137.84,2026-07-10,May-2026
247,MTO-2026-ZCU-0247,NAN,ZCU,RX-2949A,B,2026-05-16,RX-2949A Bearing Overheat,Class A Eq. Breakdown,III,200,ROT-03,NEW REGISTERED,STA,RX,BEARING,Overheat,1.0,39.51,41.06,80.57,2026-07-15,May-2026
260,MTO-2026-TKX-0260,NAN,TKX,PM-7677,A,2026-05-16,PM-7677 Seal Leakage,Class A Eq. Breakdown,IV,6,STA-02,RISK CANCELED,ROT,EM,SEAL,Leakage,2.4,80.2,0.0,80.2,,May-2026
299,MTO-2026-SMX-0299,AR-2026-SMX-0082,SMX,KO-2904,A,2026-05-18,KO-2904 Coupling Worn Out,Class A Eq. Breakdown,IV,40,STA-01,RCA PROCESS,ROT,CO,COUPLING,Worn Out,1.3,42.33,27.03,69.36,2026-07-17,May-2026
329,MTO-2026-OP3-0329,AR-2026-OP3-0163,OP3,KO-6941B,A,2026-05-18,KO-6941B Solenoid Malfunction,Class A Eq. Breakdown,III,200,OPS-01,RISK CANCELED,ROT,CO,SOLENOID,Malfunction,0.2,3.99,0.0,3.99,,May-2026
372,MTO-2026-ZCU-0372,AR-2026-ZCU-0170,ZCU,TX-8986C,A,2026-05-18,TX-8986C Mechanical Seal Leak,Uptime Loss,IV,6,ELE-01,RISK CANCELED,INS,TX,MECHANICAL SEAL,Leakage,1.6,65.91,0.0,65.91,,May-2026
337,MTO-2026-OP2-0337,AR-2026-OP2-0174,OP2,KO-6690C,A,2026-05-20,KO-6690C Coupling Loose,Equipment Bad Actor,IV,6,ROT-01,RCA PROCESS,ROT,CO,COUPLING,Loose,0.0,0.48,18.01,18.49,2026-07-04,May-2026
4,MTO-2026-ZCU-0071,AR-2026-ZCU-0165,ZCU,HE-3301,B,2026-05-21,Feed/Effluent — High Fouling — Duty Loss & High dP,Uptime Loss,III,400,STA-02,CA/PA EXECUTION,STA,HB,TUBE BUNDLE,High,12.0,183.6,55.08,238.68,2026-07-05,May-2026
40,MTO-2026-BDX-0040,NAN,BDX,PU-6212,B,2026-05-21,PU-6212 Transmitter Error,UPSD / Delay Start-up,IV,6,INS-02,RISK CANCELED,ROT,PU,TRANSMITTER,Error,3.9,91.53,0.0,91.53,,May-2026
251,MTO-2026-TKX-0251,NAN,TKX,KO-3418A,B,2026-05-21,KO-3418A Blade Breakage,Uptime Loss,IV,40,ROT-03,RISK CANCELED,ROT,CO,BLADE,Breakage,2.1,62.14,0.0,62.14,,May-2026
102,MTO-2026-ZCU-0102,NAN,ZCU,BL-3912,A,2026-05-24,BL-3912 Transmitter Error,Uptime Loss,IV,6,REL-05,MONITORING RESULT,ROT,BL,TRANSMITTER,Error,7.4,253.74,0.0,253.74,,May-2026
56,MTO-2026-BDX-0056,NAN,BDX,CD-2982B,B,2026-05-27,CD-2982B Coupling Loose,Class A Eq. Breakdown,IV,6,STA-02,CA/PA EXECUTION,STA,CD,COUPLING,Loose,9.3,251.02,12.46,263.48,2026-06-26,May-2026
280,MTO-2026-ZCU-0280,NAN,ZCU,SW-8737A,B,2026-05-31,SW-8737A Bearing High Vibration,Class A Eq. Breakdown,III,600,STA-02,RISK CLOSED,ELE,SW,BEARING,High Vibration,6.0,97.86,0.0,97.86,,May-2026
28,MTO-2026-OPU-0028,NAN,OPU,PZ-6185,B,2026-06-05,PZ-6185 Seal Leakage,Uptime Loss,III,200,REL-02,RCA PROCESS,INS,PZ,SEAL,Leakage,33.0,781.28,33.96,815.24,2026-07-05,Jun-2026
98,MTO-2026-ZCU-0098,NAN,ZCU,TR-8775A,A,2026-06-05,TR-8775A Seal Leakage,Equipment Bad Actor,IV,40,OPS-01,MONITORING RESULT,ELE,TR,SEAL,Leakage,0.0,1.39,0.0,1.39,,Jun-2026
183,MTO-2026-OP3-0183,NAN,OP3,AZ-4698B,A,2026-06-07,AZ-4698B Oil Seal Leakage,Class A Eq. Breakdown,IV,60,INS-02,RISK CLOSED,INS,SX,OIL SEAL,Leakage,5.0,66.49,0.0,66.49,,Jun-2026
160,MTO-2026-OPP-0160,AR-2026-OPP-0064,OPP,TX-8349,A,2026-06-13,TX-8349 Gearbox High Vibration,Uptime Loss,III,600,REL-03,CA/PA EXECUTION,INS,TX,GEARBOX,High Vibration,1.8,36.65,22.16,58.81,2026-07-28,Jun-2026
75,MTO-2026-NUP-0075,NAN,NUP,SW-2483,A,2026-06-14,SW-2483 Gearbox High Vibration,Uptime Loss,IV,6,INS-02,MONITORING RESULT,ELE,SW,GEARBOX,High Vibration,19.9,792.07,0.0,792.07,,Jun-2026
9,MTO-2026-SMX-0009,NAN,SMX,SW-5620C,A,2026-06-15,SW-5620C Impeller Worn Out,Equipment Bad Actor,III,200,ELE-02,RISK CANCELED,ELE,SW,IMPELLER,Worn Out,0.0,0.51,0.0,0.51,,Jun-2026
5,MTO-2026-OPP-0096,AR-2026-OPP-0203,OPP,BL-5702,A,2026-06-17,Product — High Vibration (Coupling Misalignment),Class A Eq. Breakdown,III,400,ROT-01,CA/PA EXECUTION,ROT,BL,COUPLING,High,14.0,478.8,143.64,622.44,2026-08-01,Jun-2026
268,MTO-2026-NUP-0268,AR-2026-NUP-0239,NUP,BL-3946C,A,2026-06-18,BL-3946C Oil Seal Leakage,Class A Eq. Breakdown,IV,60,REL-03,CA/PA EXECUTION,ROT,BL,OIL SEAL,Leakage,5.2,98.11,4.31,102.42,2026-08-02,Jun-2026
194,MTO-2026-ARP-0194,NAN,ARP,PM-1440,B,2026-06-20,PM-1440 Coupling Loose,Uptime Loss,IV,60,OPS-01,RISK CLOSED,ROT,EM,COUPLING,Loose,5.7,241.36,0.0,241.36,,Jun-2026
224,MTO-2026-SMX-0224,AR-2026-SMX-0092,SMX,TR-5785,A,2026-06-22,TR-5785 Impeller Worn Out,UPSD / Delay Start-up,IV,60,OPS-01,RCA PROCESS,ELE,TR,IMPELLER,Worn Out,3.9,114.55,4.61,119.16,2026-08-06,Jun-2026
97,MTO-2026-CRP-0097,AR-2026-CRP-0015,CRP,HE-7828C,A,2026-06-25,HE-7828C Solenoid Malfunction,Equipment Bad Actor,III,600,ELE-02,CA/PA EXECUTION,STA,HB,SOLENOID,Malfunction,0.0,0.6,34.29,34.89,2026-08-24,Jun-2026
286,MTO-2026-OPP-0286,AR-2026-OPP-0209,OPP,HE-4966C,A,2026-07-06,HE-4966C Exchanger Fouling,Uptime Loss,IV,40,REL-05,RISK CLOSED,STA,HB,TUBE BUNDLE,Fouling,13.6,522.62,0.0,522.62,,Jul-2026
358,MTO-2026-ARP-0358,AR-2026-ARP-0149,ARP,AZ-1222A,A,2026-07-06,AZ-1222A Rotor High Vibration,Uptime Loss,IV,6,REL-05,CA/PA EXECUTION,INS,SX,ROTOR,High Vibration,3.9,108.27,34.79,143.06,2026-08-20,Jul-2026
220,MTO-2026-ZCU-0220,NAN,ZCU,PZ-4712,B,2026-07-07,PZ-4712 Exchanger Fouling,Uptime Loss,III,400,ELE-02,RISK CLOSED,INS,PZ,TUBE BUNDLE,Fouling,9.6,295.3,0.0,295.3,,Jul-2026
3,MTO-2026-NUP-0024,AR-2026-NUP-0089,NUP,PM-4405B,B,2026-07-08,Cooling — Motor Bearing Failure (Overheating),Uptime Loss,III,200,REL-02,CA/PA EXECUTION,ELE,EM,MOTOR BEARING,Motor,8.0,112.0,33.6,145.6,2026-08-22,Jul-2026
136,MTO-2026-NUP-0136,NAN,NUP,FN-3044,B,2026-07-10,FN-3044 Seal Leakage,Uptime Loss,IV,6,ELE-01,RISK CLOSED,ROT,FA,SEAL,Leakage,24.2,839.88,0.0,839.88,,Jul-2026
335,MTO-2026-ZCU-0335,AR-2026-ZCU-0095,ZCU,TK-2175C,A,2026-07-16,TK-2175C Coupling Worn Out,Uptime Loss,IV,6,REL-03,RCA PROCESS,STA,TK,COUPLING,Worn Out,1.1,50.73,10.66,61.39,2026-08-30,Jul-2026
36,MTO-2026-BDX-0036,AR-2026-BDX-0040,BDX,RX-3569A,A,2026-07-17,RX-3569A Exchanger Fouling,Class A Eq. Breakdown,III,400,STA-02,RISK CANCELED,STA,RX,TUBE BUNDLE,Fouling,1.3,36.72,0.0,36.72,,Jul-2026
104,MTO-2026-ZCU-0104,NAN,ZCU,PM-4607,A,2026-07-25,PM-4607 Impeller Worn Out,Uptime Loss,IV,60,INS-01,MONITORING RESULT,ELE,EM,IMPELLER,Worn Out,10.8,311.94,0.0,311.94,,Jul-2026
