timestamp,hour,RUN_STATUS,KO3201_FEED,KO3201_DISP,KO3201_AMP,KO3201_TEMP,KO3201_VIB,PLANT_RATE,gdn_anomaly_score,is_anomaly,top_contributors,health_index
2026-04-01 00:00:00,0,1,56.87,9.73,142.6,65.52,29.12,55.7,,False,[],96.3
2026-04-01 01:00:00,1,1,54.96,9.19,140.11,64.5,28.87,55.86,,False,[],98.28
2026-04-01 02:00:00,2,1,55.6,9.45,133.38,64.09,29.2,56.91,,False,[],100.0
2026-04-01 03:00:00,3,1,57.14,9.14,129.32,66.15,28.63,55.22,,False,[],100.0
2026-04-01 04:00:00,4,1,56.46,9.28,133.57,63.81,28.7,54.66,,False,[],100.0
2026-04-01 05:00:00,5,1,54.92,9.43,135.32,63.59,28.44,55.55,0.9039,False,"[[""KO3201_VIB"", 0.9], [""PLANT_RATE"", -0.61]]",99.86
2026-04-01 06:00:00,6,1,56.2,9.56,134.85,65.46,28.79,55.12,0.5777,False,"[[""KO3201_FEED"", 0.58], [""PLANT_RATE"", -0.05]]",99.67
2026-04-01 07:00:00,7,1,55.68,9.38,133.22,65.34,28.82,56.7,0.3712,False,"[[""KO3201_DISP"", 0.37], [""KO3201_FEED"", 0.11]]",100.0
2026-04-01 08:00:00,8,1,54.38,9.53,131.2,63.98,28.8,55.48,0.1812,False,"[[""KO3201_AMP"", 0.18], [""KO3201_TEMP"", 0.14]]",99.61
2026-04-01 09:00:00,9,1,55.17,9.37,139.93,63.88,28.48,54.38,1.6369,False,"[[""PLANT_RATE"", 1.64], [""KO3201_AMP"", 0.67]]",98.36
2026-04-01 10:00:00,10,1,53.08,9.73,133.43,63.93,29.07,56.75,1.2603,False,"[[""KO3201_DISP"", 1.26], [""KO3201_FEED"", 1.2]]",98.07
2026-04-01 11:00:00,11,1,53.29,9.4,132.01,65.5,28.37,56.01,0.9218,False,"[[""KO3201_VIB"", 0.92], [""KO3201_FEED"", 0.9]]",99.32
2026-04-01 12:00:00,12,1,55.24,9.79,135.77,65.66,28.56,56.29,1.9356,False,"[[""KO3201_DISP"", 1.94], [""KO3201_VIB"", 0.19]]",98.31
2026-04-01 13:00:00,13,1,56.58,9.76,135.49,66.22,28.04,56.53,2.5181,False,"[[""KO3201_VIB"", 2.52], [""KO3201_DISP"", 1.62]]",98.53
2026-04-01 14:00:00,14,1,53.94,9.36,134.87,64.85,29.07,57.25,0.8936,False,"[[""KO3201_VIB"", 0.89], [""KO3201_DISP"", 0.62]]",99.58
2026-04-01 15:00:00,15,1,56.35,9.57,139.66,63.67,29.01,55.09,0.7995,False,"[[""KO3201_FEED"", 0.8], [""KO3201_VIB"", 0.48]]",98.09
2026-04-01 16:00:00,16,1,55.19,9.42,130.95,66.07,28.75,56.78,0.4789,False,"[[""KO3201_AMP"", 0.48], [""KO3201_TEMP"", 0.42]]",100.0
2026-04-01 17:00:00,17,1,57.01,9.71,135.98,68.92,28.89,56.17,2.5866,False,"[[""KO3201_TEMP"", 2.59], [""KO3201_DISP"", 1.44]]",98.62
2026-04-01 18:00:00,18,1,54.64,9.54,138.95,67.4,28.48,56.15,1.0404,False,"[[""KO3201_TEMP"", 1.04], [""KO3201_VIB"", 0.65]]",98.33
2026-04-01 19:00:00,19,1,58.29,9.76,133.15,63.5,28.52,55.98,2.939,False,"[[""KO3201_FEED"", 2.94], [""KO3201_DISP"", 1.45]]",98.67
2026-04-01 20:00:00,20,1,55.53,9.46,135.53,66.14,28.55,55.58,0.1397,False,"[[""KO3201_TEMP"", 0.14], [""KO3201_VIB"", 0.1]]",99.82
2026-04-01 21:00:00,21,1,54.77,9.45,137.53,64.83,28.88,56.32,0.1664,False,"[[""KO3201_AMP"", 0.17], [""KO3201_VIB"", -0.12]]",99.06
2026-04-01 22:00:00,22,1,55.31,9.38,137.03,64.86,28.7,56.12,-0.0489,False,"[[""KO3201_VIB"", -0.05], [""KO3201_DISP"", -0.07]]",99.32
2026-04-01 23:00:00,23,1,53.01,9.51,135.04,64.62,28.84,56.84,1.3721,False,"[[""KO3201_FEED"", 1.37], [""PLANT_RATE"", 0.25]]",99.13
2026-04-02 00:00:00,24,1,55.42,9.55,130.12,63.8,28.52,57.72,1.2107,False,"[[""PLANT_RATE"", 1.21], [""KO3201_AMP"", 0.82]]",99.73
2026-04-02 01:00:00,25,1,54.68,9.5,131.43,62.77,28.45,55.01,1.2445,False,"[[""KO3201_TEMP"", 1.24], [""KO3201_VIB"", 0.68]]",99.86
2026-04-02 02:00:00,26,1,55.58,9.54,135.05,65.67,28.91,58.22,1.5222,False,"[[""PLANT_RATE"", 1.52], [""KO3201_FEED"", 0.02]]",99.8
2026-04-02 03:00:00,27,1,54.67,9.6,133.81,63.51,28.88,57.28,0.7792,False,"[[""PLANT_RATE"", 0.78], [""KO3201_TEMP"", 0.64]]",99.34
2026-04-02 04:00:00,28,1,52.03,9.48,133.78,64.21,28.91,54.84,2.4642,False,"[[""KO3201_FEED"", 2.46], [""PLANT_RATE"", 0.48]]",98.81
2026-04-02 05:00:00,29,1,52.16,9.4,132.89,64.44,28.64,55.95,1.8046,False,"[[""KO3201_FEED"", 1.8], [""KO3201_DISP"", -0.09]]",98.86
2026-04-02 06:00:00,30,1,54.3,9.34,128.16,65.16,28.87,56.09,1.3176,False,"[[""KO3201_AMP"", 1.32], [""KO3201_DISP"", 0.41]]",99.72
2026-04-02 07:00:00,31,1,53.62,9.41,137.39,64.37,28.4,57.37,0.8583,False,"[[""PLANT_RATE"", 0.86], [""KO3201_VIB"", 0.83]]",98.65
2026-04-02 08:00:00,32,1,55.99,9.44,130.84,64.8,28.52,55.03,0.4076,False,"[[""PLANT_RATE"", 0.41], [""KO3201_VIB"", 0.3]]",100.0
2026-04-02 09:00:00,33,1,53.83,9.64,141.18,64.39,28.88,57.97,1.3312,False,"[[""PLANT_RATE"", 1.33], [""KO3201_FEED"", 0.69]]",96.75
2026-04-02 10:00:00,34,1,55.51,9.63,145.93,65.4,28.56,54.91,2.0533,False,"[[""KO3201_AMP"", 2.05], [""PLANT_RATE"", 0.56]]",95.71
2026-04-02 11:00:00,35,1,54.83,9.38,138.11,65.55,28.48,55.7,0.4233,False,"[[""KO3201_VIB"", 0.42], [""KO3201_DISP"", 0.25]]",98.9
2026-04-02 12:00:00,36,1,56.72,9.58,136.84,67.2,28.56,55.42,1.2472,False,"[[""KO3201_FEED"", 1.25], [""KO3201_TEMP"", 0.66]]",98.97
2026-04-02 13:00:00,37,1,55.11,9.36,132.51,65.86,29.23,54.74,1.5223,False,"[[""KO3201_VIB"", 1.52], [""PLANT_RATE"", 0.18]]",100.0
2026-04-02 14:00:00,38,1,55.23,9.62,131.15,64.17,28.69,54.86,1.1818,False,"[[""PLANT_RATE"", 1.18], [""KO3201_DISP"", 0.66]]",99.41
2026-04-02 15:00:00,39,1,53.89,9.25,133.4,65.86,28.88,55.45,1.1838,False,"[[""KO3201_DISP"", 1.18], [""KO3201_AMP"", 0.14]]",99.56
2026-04-02 16:00:00,40,1,55.42,9.64,138.98,66.39,28.76,55.8,0.7659,False,"[[""KO3201_DISP"", 0.77], [""KO3201_TEMP"", 0.43]]",97.97
2026-04-02 17:00:00,41,1,55.75,9.47,135.14,64.19,29.43,55.42,2.0631,False,"[[""KO3201_VIB"", 2.06], [""KO3201_FEED"", 0.43]]",99.95
2026-04-02 18:00:00,42,1,54.88,9.53,128.61,64.21,28.78,55.08,1.1775,False,"[[""KO3201_AMP"", 1.18], [""PLANT_RATE"", 0.24]]",99.8
2026-04-02 19:00:00,43,1,55.79,9.48,138.16,61.69,29.08,53.27,2.3878,False,"[[""PLANT_RATE"", 2.39], [""KO3201_TEMP"", 1.81]]",98.95
2026-04-02 20:00:00,44,1,53.86,9.34,133.04,67.24,29.05,55.79,1.043,False,"[[""KO3201_TEMP"", 1.04], [""KO3201_DISP"", 0.57]]",99.54
2026-04-02 21:00:00,45,1,54.76,9.51,138.24,65.25,28.92,58.15,2.2109,False,"[[""PLANT_RATE"", 2.21], [""KO3201_AMP"", -0.05]]",98.76
2026-04-02 22:00:00,46,1,55.46,9.5,135.04,67.04,28.81,57.91,1.1333,False,"[[""PLANT_RATE"", 1.13], [""KO3201_TEMP"", 0.72]]",99.99
2026-04-02 23:00:00,47,1,54.66,9.61,131.91,62.76,28.42,57.36,1.3323,False,"[[""KO3201_TEMP"", 1.33], [""KO3201_VIB"", 1.11]]",99.32
2026-04-03 00:00:00,48,1,56.36,9.59,133.2,61.55,28.95,55.66,2.1032,False,"[[""KO3201_TEMP"", 2.1], [""KO3201_FEED"", 0.29]]",99.56
2026-04-03 01:00:00,49,1,55.72,9.68,137.9,65.49,29.37,56.66,1.7344,False,"[[""KO3201_VIB"", 1.73], [""KO3201_DISP"", 0.76]]",98.14
2026-04-03 02:00:00,50,1,54.33,9.58,132.76,63.79,28.95,55.51,0.405,False,"[[""KO3201_TEMP"", 0.4], [""KO3201_FEED"", 0.15]]",99.34
2026-04-03 03:00:00,51,1,53.98,9.32,140.27,65.29,29.34,55.58,1.2763,False,"[[""KO3201_VIB"", 1.28], [""KO3201_AMP"", 0.99]]",97.83
2026-04-03 04:00:00,52,1,55.0,9.61,131.91,63.88,29.0,56.27,0.225,False,"[[""KO3201_VIB"", 0.23], [""KO3201_DISP"", 0.13]]",99.44
2026-04-03 05:00:00,53,1,54.2,9.32,140.65,66.25,29.05,57.21,0.9226,False,"[[""KO3201_AMP"", 0.92], [""PLANT_RATE"", 0.74]]",97.8
2026-04-03 06:00:00,54,1,54.57,9.39,129.8,64.55,28.69,55.55,0.657,False,"[[""KO3201_AMP"", 0.66], [""KO3201_DISP"", 0.0]]",99.83
2026-04-03 07:00:00,55,1,53.77,9.51,130.75,64.8,28.78,55.37,0.5088,False,"[[""KO3201_FEED"", 0.51], [""KO3201_AMP"", 0.2]]",99.48
2026-04-03 08:00:00,56,1,55.86,9.37,137.35,65.76,28.94,56.06,0.39,False,"[[""KO3201_DISP"", 0.39], [""KO3201_FEED"", 0.38]]",99.22
2026-04-03 09:00:00,57,1,55.2,9.44,140.9,64.38,29.1,54.47,1.5983,False,"[[""KO3201_AMP"", 1.6], [""PLANT_RATE"", 0.76]]",98.03
2026-04-03 10:00:00,58,1,55.34,9.65,133.84,64.47,28.55,57.03,0.5244,False,"[[""KO3201_DISP"", 0.52], [""KO3201_VIB"", 0.32]]",99.27
2026-04-03 11:00:00,59,1,55.91,9.4,138.11,66.89,28.44,57.21,0.6336,False,"[[""KO3201_VIB"", 0.63], [""KO3201_TEMP"", 0.6]]",98.96
2026-04-03 12:00:00,60,1,52.47,9.36,131.36,64.91,28.78,57.39,2.1249,False,"[[""KO3201_FEED"", 2.12], [""PLANT_RATE"", 0.48]]",98.99
2026-04-03 13:00:00,61,1,55.05,9.3,131.04,65.38,28.78,56.94,0.676,False,"[[""KO3201_DISP"", 0.68], [""KO3201_AMP"", 0.3]]",100.0
2026-04-03 14:00:00,62,1,54.74,9.92,135.09,65.79,28.93,55.45,2.5817,False,"[[""KO3201_DISP"", 2.58], [""KO3201_TEMP"", 0.05]]",97.77
2026-04-03 15:00:00,63,1,55.76,9.43,143.42,65.21,29.25,55.84,1.8125,False,"[[""KO3201_AMP"", 1.81], [""KO3201_VIB"", 1.37]]",97.19
2026-04-03 16:00:00,64,1,55.57,9.5,133.93,65.81,28.67,55.07,0.0718,False,"[[""PLANT_RATE"", 0.07], [""KO3201_FEED"", 0.03]]",99.99
2026-04-03 17:00:00,65,1,55.58,9.5,128.7,67.88,29.3,56.44,1.7018,False,"[[""KO3201_TEMP"", 1.7], [""KO3201_VIB"", 1.52]]",99.98
2026-04-03 18:00:00,66,1,56.44,9.66,125.28,66.66,28.96,58.48,2.2143,False,"[[""PLANT_RATE"", 2.21], [""KO3201_AMP"", 1.95]]",99.18
2026-04-03 19:00:00,67,1,52.94,9.41,134.64,62.97,28.82,55.02,1.467,False,"[[""KO3201_FEED"", 1.47], [""KO3201_TEMP"", 1.15]]",99.18
2026-04-03 20:00:00,68,1,53.83,9.36,137.35,61.79,28.38,56.82,1.8187,False,"[[""KO3201_TEMP"", 1.82], [""KO3201_VIB"", 1.19]]",98.75
2026-04-03 21:00:00,69,1,56.35,9.44,133.52,63.76,29.2,57.6,1.18,False,"[[""PLANT_RATE"", 1.18], [""KO3201_VIB"", 0.88]]",100.0
2026-04-03 22:00:00,70,1,56.6,9.38,135.59,61.55,29.27,54.96,1.277,False,"[[""KO3201_TEMP"", 1.28], [""KO3201_VIB"", 0.94]]",99.8
2026-04-03 23:00:00,71,1,54.11,9.28,131.87,61.04,28.94,58.43,2.2821,False,"[[""PLANT_RATE"", 2.28], [""KO3201_TEMP"", 1.2]]",99.64
2026-04-04 00:00:00,72,1,56.24,9.22,139.86,63.5,28.94,55.37,1.655,False,"[[""KO3201_DISP"", 1.65], [""KO3201_AMP"", 0.65]]",98.38
2026-04-04 01:00:00,73,1,55.97,9.5,136.87,63.62,28.7,55.99,0.2783,False,"[[""KO3201_FEED"", 0.28], [""KO3201_TEMP"", 0.08]]",99.36
2026-04-04 02:00:00,74,1,53.5,9.43,129.42,65.31,28.31,56.56,2.2162,False,"[[""KO3201_VIB"", 2.22], [""KO3201_FEED"", 0.74]]",99.4
2026-04-04 03:00:00,75,1,54.34,9.71,132.46,65.72,28.61,57.12,0.9676,False,"[[""KO3201_DISP"", 0.97], [""KO3201_VIB"", 0.05]]",98.71
2026-04-04 04:00:00,76,1,55.38,9.42,139.66,68.27,28.44,56.97,1.0871,False,"[[""KO3201_TEMP"", 1.09], [""KO3201_VIB"", 0.51]]",98.45
2026-04-04 05:00:00,77,1,54.93,9.44,134.73,63.99,28.46,55.83,0.5448,False,"[[""KO3201_TEMP"", 0.54], [""KO3201_VIB"", 0.53]]",99.97
2026-04-04 06:00:00,78,1,57.0,9.68,125.57,64.14,28.59,55.38,2.0011,False,"[[""KO3201_AMP"", 2.0], [""KO3201_FEED"", 1.53]]",99.11
2026-04-04 07:00:00,79,1,55.68,9.24,133.28,65.37,28.66,53.54,2.1929,False,"[[""PLANT_RATE"", 2.19], [""KO3201_DISP"", 1.44]]",100.0
2026-04-04 08:00:00,80,1,56.0,9.61,132.84,66.66,28.94,55.55,0.7445,False,"[[""KO3201_TEMP"", 0.74], [""KO3201_FEED"", 0.47]]",99.43
2026-04-04 09:00:00,81,1,54.28,9.37,124.13,64.66,29.14,57.48,2.5069,False,"[[""KO3201_AMP"", 2.51], [""PLANT_RATE"", 1.21]]",99.71
2026-04-04 10:00:00,82,1,53.66,9.33,136.62,63.7,28.75,55.24,0.5858,False,"[[""KO3201_FEED"", 0.59], [""KO3201_TEMP"", 0.49]]",98.92
2026-04-04 11:00:00,83,1,54.34,9.55,140.26,61.05,29.01,56.78,1.9026,False,"[[""KO3201_TEMP"", 1.9], [""KO3201_AMP"", 0.96]]",97.72
2026-04-04 12:00:00,84,1,56.56,9.52,132.62,66.29,28.72,56.88,0.6676,False,"[[""KO3201_FEED"", 0.67], [""PLANT_RATE"", 0.42]]",99.92
2026-04-04 13:00:00,85,1,57.05,9.33,131.24,64.69,28.72,56.29,1.4557,False,"[[""KO3201_FEED"", 1.46], [""KO3201_DISP"", 0.62]]",100.0
2026-04-04 14:00:00,86,1,54.11,9.53,133.87,67.34,28.89,55.5,1.1302,False,"[[""KO3201_TEMP"", 1.13], [""KO3201_FEED"", 0.16]]",99.48
2026-04-04 15:00:00,87,1,54.85,9.73,132.87,67.73,28.64,55.5,1.5964,False,"[[""KO3201_DISP"", 1.6], [""KO3201_TEMP"", 1.37]]",98.8
2026-04-04 16:00:00,88,1,52.26,9.62,134.41,67.85,28.87,56.05,2.1768,False,"[[""KO3201_FEED"", 2.18], [""KO3201_TEMP"", 1.0]]",98.3
2026-04-04 17:00:00,89,1,56.43,9.52,136.75,65.72,28.68,54.18,1.4805,False,"[[""PLANT_RATE"", 1.48], [""KO3201_FEED"", 0.93]]",99.34
2026-04-04 18:00:00,90,1,53.62,9.41,128.46,66.34,28.58,57.64,0.9131,False,"[[""PLANT_RATE"", 0.91], [""KO3201_AMP"", 0.84]]",99.45
2026-04-04 19:00:00,91,1,55.99,9.48,133.36,63.04,28.63,54.96,0.6728,False,"[[""PLANT_RATE"", 0.67], [""KO3201_FEED"", 0.6]]",100.0
2026-04-04 20:00:00,92,1,56.42,9.57,142.13,65.67,29.19,55.42,1.0251,False,"[[""KO3201_FEED"", 1.03], [""KO3201_AMP"", 0.99]]",97.28
2026-04-04 21:00:00,93,1,53.54,9.46,134.13,64.5,28.86,55.42,0.9261,False,"[[""KO3201_FEED"", 0.93], [""PLANT_RATE"", -0.23]]",99.41
2026-04-04 22:00:00,94,1,54.04,9.57,135.09,66.57,28.68,55.78,0.2403,False,"[[""KO3201_TEMP"", 0.24], [""KO3201_FEED"", 0.21]]",99.26
2026-04-04 23:00:00,95,1,55.8,9.64,136.0,64.23,28.85,56.52,0.5237,False,"[[""KO3201_DISP"", 0.52], [""KO3201_FEED"", 0.22]]",98.95
2026-04-05 00:00:00,96,1,56.51,9.28,131.4,64.69,28.6,57.43,1.2872,False,"[[""KO3201_DISP"", 1.29], [""KO3201_FEED"", 1.11]]",100.0
2026-04-05 01:00:00,97,1,54.42,9.52,129.13,63.8,28.68,56.35,0.8327,False,"[[""KO3201_AMP"", 0.83], [""KO3201_TEMP"", -0.02]]",99.66
2026-04-05 02:00:00,98,1,53.85,9.57,143.64,67.74,28.71,57.83,1.7983,False,"[[""KO3201_TEMP"", 1.8], [""KO3201_AMP"", 1.77]]",96.3
2026-04-05 03:00:00,99,1,55.38,9.46,134.74,65.2,28.37,55.7,1.1792,False,"[[""KO3201_VIB"", 1.18], [""KO3201_DISP"", -0.33]]",100.0
2026-04-05 04:00:00,100,1,56.4,9.4,130.63,63.54,28.76,56.87,0.7229,False,"[[""KO3201_FEED"", 0.72], [""KO3201_TEMP"", 0.61]]",100.0
2026-04-05 05:00:00,101,1,53.78,9.72,138.12,64.44,28.91,56.98,1.2485,False,"[[""KO3201_DISP"", 1.25], [""KO3201_FEED"", 0.51]]",97.36
2026-04-05 06:00:00,102,1,54.13,9.48,133.04,63.11,28.87,56.27,0.8063,False,"[[""KO3201_TEMP"", 0.81], [""KO3201_FEED"", 0.03]]",99.65
2026-04-05 07:00:00,103,1,56.28,9.48,130.95,66.81,28.76,56.84,1.0401,False,"[[""KO3201_TEMP"", 1.04], [""KO3201_FEED"", 0.77]]",100.0
2026-04-05 08:00:00,104,1,55.22,9.42,132.59,66.85,29.07,54.99,0.8194,False,"[[""KO3201_TEMP"", 0.82], [""KO3201_VIB"", 0.75]]",100.0
2026-04-05 09:00:00,105,1,54.09,9.45,129.25,65.25,28.59,57.57,1.1398,False,"[[""PLANT_RATE"", 1.14], [""KO3201_AMP"", 0.74]]",99.64
2026-04-05 10:00:00,106,1,55.0,9.45,130.6,65.46,29.08,57.0,0.4757,False,"[[""PLANT_RATE"", 0.48], [""KO3201_AMP"", 0.4]]",100.0
2026-04-05 11:00:00,107,1,55.53,9.48,138.17,62.87,29.05,56.3,0.9141,False,"[[""KO3201_TEMP"", 0.91], [""KO3201_AMP"", 0.67]]",98.94
2026-04-05 12:00:00,108,1,56.13,9.27,135.06,67.34,28.85,55.73,1.1574,False,"[[""KO3201_TEMP"", 1.16], [""KO3201_DISP"", 1.01]]",99.98
2026-04-05 13:00:00,109,1,55.33,9.26,133.54,64.95,29.18,57.04,1.3889,False,"[[""KO3201_DISP"", 1.39], [""KO3201_VIB"", 1.12]]",100.0
2026-04-05 14:00:00,110,1,54.99,9.4,139.77,68.06,28.6,54.92,1.6992,False,"[[""KO3201_TEMP"", 1.7], [""KO3201_AMP"", 0.53]]",98.4
2026-04-05 15:00:00,111,1,53.15,9.45,137.41,64.16,28.86,56.92,0.9448,False,"[[""KO3201_FEED"", 0.94], [""KO3201_TEMP"", 0.09]]",98.46
2026-04-05 16:00:00,112,1,55.59,9.41,133.02,65.72,28.76,57.14,0.2676,False,"[[""PLANT_RATE"", 0.27], [""KO3201_FEED"", 0.02]]",100.0
2026-04-05 17:00:00,113,1,55.56,9.6,128.77,66.32,28.6,58.87,2.3626,False,"[[""PLANT_RATE"", 2.36], [""KO3201_AMP"", 1.06]]",99.48
2026-04-05 18:00:00,114,1,55.22,9.49,132.48,66.2,28.72,56.02,0.1451,False,"[[""KO3201_TEMP"", 0.15], [""KO3201_VIB"", -0.13]]",100.0
2026-04-05 19:00:00,115,1,55.02,9.6,139.65,64.85,28.9,57.61,0.5672,False,"[[""KO3201_AMP"", 0.57], [""PLANT_RATE"", 0.56]]",97.93
2026-04-05 20:00:00,116,1,55.13,9.53,130.92,66.63,28.9,56.8,0.1796,False,"[[""KO3201_TEMP"", 0.18], [""KO3201_AMP"", 0.16]]",99.84
2026-04-05 21:00:00,117,1,56.05,9.16,143.14,65.6,28.96,54.36,2.32,False,"[[""KO3201_DISP"", 2.32], [""KO3201_AMP"", 1.65]]",97.29
2026-04-05 22:00:00,118,1,54.59,9.57,133.76,65.05,28.63,54.7,0.389,False,"[[""PLANT_RATE"", 0.39], [""KO3201_VIB"", 0.15]]",99.5
2026-04-05 23:00:00,119,1,53.67,9.71,129.23,63.48,28.77,55.53,1.1701,False,"[[""KO3201_DISP"", 1.17], [""KO3201_AMP"", 0.69]]",98.4
2026-04-06 00:00:00,120,1,55.99,9.52,132.82,66.92,28.77,57.4,0.7891,False,"[[""PLANT_RATE"", 0.79], [""KO3201_TEMP"", 0.61]]",99.91
2026-04-06 01:00:00,121,1,54.58,9.49,140.32,65.07,28.63,57.71,1.1175,False,"[[""PLANT_RATE"", 1.12], [""KO3201_AMP"", 0.39]]",98.06
2026-04-06 02:00:00,122,1,54.69,9.32,132.16,65.73,28.79,55.85,0.3778,False,"[[""KO3201_DISP"", 0.38], [""KO3201_AMP"", 0.14]]",99.87
2026-04-06 03:00:00,123,1,55.47,9.53,136.39,64.92,28.26,56.6,1.8143,False,"[[""KO3201_VIB"", 1.81], [""PLANT_RATE"", -0.31]]",99.37
2026-04-06 04:00:00,124,1,54.72,9.34,137.55,65.53,28.5,56.36,0.6636,False,"[[""KO3201_VIB"", 0.66], [""KO3201_DISP"", 0.46]]",99.04
2026-04-06 05:00:00,125,1,54.92,9.24,132.41,64.47,28.67,53.39,1.8893,False,"[[""PLANT_RATE"", 1.89], [""KO3201_DISP"", 1.32]]",99.97
2026-04-06 06:00:00,126,1,53.76,9.53,138.8,68.83,28.7,57.32,2.8891,False,"[[""KO3201_TEMP"", 2.89], [""PLANT_RATE"", 0.67]]",98.09
2026-04-06 07:00:00,127,1,56.43,9.62,140.25,67.72,28.96,57.67,1.0193,False,"[[""KO3201_TEMP"", 1.02], [""KO3201_AMP"", 0.99]]",97.64
2026-04-06 08:00:00,128,1,53.52,9.45,137.77,66.02,28.66,53.66,1.8864,False,"[[""PLANT_RATE"", 1.89], [""KO3201_FEED"", 0.86]]",98.48
2026-04-06 09:00:00,129,1,56.45,9.47,127.64,65.44,29.22,55.09,1.1957,False,"[[""KO3201_AMP"", 1.2], [""KO3201_VIB"", 0.7]]",100.0
2026-04-06 10:00:00,130,1,53.6,9.4,135.85,66.02,28.43,56.02,1.1124,False,"[[""KO3201_FEED"", 1.11], [""KO3201_VIB"", 0.79]]",99.16
2026-04-06 11:00:00,131,1,54.21,9.74,137.55,63.75,29.26,56.02,1.4746,False,"[[""KO3201_DISP"", 1.47], [""KO3201_VIB"", 1.45]]",97.66
2026-04-06 12:00:00,132,1,54.53,9.55,138.19,65.91,28.56,57.27,0.6841,False,"[[""KO3201_VIB"", 0.68], [""PLANT_RATE"", 0.56]]",98.48
2026-04-06 13:00:00,133,1,55.96,9.44,141.9,64.88,28.51,57.4,1.4507,False,"[[""KO3201_AMP"", 1.45], [""KO3201_VIB"", 0.9]]",97.7
2026-04-06 14:00:00,134,1,55.21,9.45,135.84,64.39,28.61,55.51,0.0411,False,"[[""KO3201_VIB"", 0.04], [""KO3201_TEMP"", 0.0]]",99.72
2026-04-06 15:00:00,135,1,54.48,9.52,134.86,64.0,28.64,56.86,0.0819,False,"[[""PLANT_RATE"", 0.08], [""KO3201_TEMP"", -0.07]]",99.71
2026-04-06 16:00:00,136,1,53.62,9.66,126.56,64.01,28.72,55.41,1.6911,False,"[[""KO3201_AMP"", 1.69], [""KO3201_FEED"", 0.93]]",98.65
2026-04-06 17:00:00,137,1,56.09,9.41,130.04,65.73,28.68,55.78,0.9748,False,"[[""KO3201_AMP"", 0.97], [""KO3201_FEED"", 0.37]]",100.0
2026-04-06 18:00:00,138,1,55.03,9.36,139.15,65.05,28.91,56.38,0.206,False,"[[""KO3201_DISP"", 0.21], [""KO3201_AMP"", 0.07]]",98.62
2026-04-06 19:00:00,139,1,55.45,9.54,130.12,63.84,28.99,56.72,0.3474,False,"[[""KO3201_VIB"", 0.35], [""KO3201_TEMP"", 0.28]]",99.79
2026-04-06 20:00:00,140,1,54.78,9.48,133.73,65.63,28.53,55.43,0.1173,False,"[[""KO3201_VIB"", 0.12], [""KO3201_AMP"", 0.03]]",99.91
2026-04-06 21:00:00,141,1,54.44,9.28,127.99,65.22,29.1,58.21,1.8832,False,"[[""PLANT_RATE"", 1.88], [""KO3201_AMP"", 1.21]]",99.77
2026-04-06 22:00:00,142,1,55.72,9.48,133.52,64.87,28.86,56.34,-0.1162,False,"[[""KO3201_FEED"", -0.12], [""KO3201_VIB"", -0.33]]",100.0
2026-04-06 23:00:00,143,1,55.32,9.45,129.82,67.17,28.8,56.12,0.9886,False,"[[""KO3201_TEMP"", 0.99], [""KO3201_AMP"", 0.55]]",100.0
2026-04-07 00:00:00,144,1,56.25,9.44,136.52,64.63,29.01,56.97,0.6101,False,"[[""KO3201_FEED"", 0.61], [""PLANT_RATE"", 0.38]]",99.49
2026-04-07 01:00:00,145,1,55.21,9.52,134.35,63.04,28.77,55.42,0.9635,False,"[[""KO3201_TEMP"", 0.96], [""PLANT_RATE"", 0.28]]",99.92
2026-04-07 02:00:00,146,1,53.44,9.53,136.03,65.23,29.16,56.46,0.977,False,"[[""KO3201_VIB"", 0.98], [""KO3201_FEED"", 0.6]]",98.88
2026-04-07 03:00:00,147,1,55.84,9.74,128.55,63.54,28.49,53.43,2.4104,False,"[[""PLANT_RATE"", 2.41], [""KO3201_DISP"", 1.57]]",98.78
2026-04-07 04:00:00,148,1,55.05,9.59,133.83,66.24,29.1,54.23,1.7001,False,"[[""PLANT_RATE"", 1.7], [""KO3201_VIB"", 0.43]]",99.56
2026-04-07 05:00:00,149,1,54.74,9.62,138.0,65.86,28.68,55.72,0.2548,False,"[[""KO3201_DISP"", 0.25], [""KO3201_AMP"", 0.09]]",98.29
2026-04-07 06:00:00,150,1,51.57,9.43,122.05,64.55,28.98,55.6,3.0346,False,"[[""KO3201_AMP"", 3.03], [""KO3201_FEED"", 2.23]]",98.63
2026-04-07 07:00:00,151,1,54.04,9.5,132.19,65.75,28.68,55.72,-0.1035,False,"[[""KO3201_FEED"", -0.1], [""KO3201_TEMP"", -0.17]]",99.62
2026-04-07 08:00:00,152,1,55.18,9.4,134.24,64.42,29.21,55.4,1.1267,False,"[[""KO3201_VIB"", 1.13], [""KO3201_DISP"", -0.03]]",100.0
2026-04-07 09:00:00,153,1,54.3,9.39,137.87,64.33,28.89,56.76,0.1788,False,"[[""KO3201_DISP"", 0.18], [""KO3201_TEMP"", -0.25]]",98.76
2026-04-07 10:00:00,154,1,55.27,9.62,136.99,62.38,28.98,57.45,0.8888,False,"[[""KO3201_TEMP"", 0.89], [""PLANT_RATE"", 0.71]]",98.74
2026-04-07 11:00:00,155,1,55.65,9.82,137.1,61.93,28.53,55.56,2.0413,False,"[[""KO3201_DISP"", 2.04], [""KO3201_TEMP"", 1.81]]",97.7
2026-04-07 12:00:00,156,1,54.98,9.6,135.96,64.4,28.42,57.26,1.0295,False,"[[""KO3201_VIB"", 1.03], [""PLANT_RATE"", 0.37]]",99.17
2026-04-07 13:00:00,157,1,53.96,9.56,137.72,67.6,28.86,56.54,1.2555,False,"[[""KO3201_TEMP"", 1.26], [""KO3201_FEED"", 0.48]]",98.4
2026-04-07 14:00:00,158,1,55.47,9.57,134.0,63.24,29.18,54.79,0.9914,False,"[[""KO3201_TEMP"", 0.99], [""KO3201_VIB"", 0.78]]",99.62
2026-04-07 15:00:00,159,1,55.39,9.61,134.18,64.89,28.84,54.63,0.3255,False,"[[""PLANT_RATE"", 0.33], [""KO3201_DISP"", 0.13]]",99.43
2026-04-07 16:00:00,160,1,54.72,9.48,129.97,64.03,28.43,56.18,0.7349,False,"[[""KO3201_VIB"", 0.73], [""KO3201_AMP"", 0.67]]",99.89
2026-04-07 17:00:00,161,1,52.9,9.49,133.8,65.76,29.22,57.3,1.344,False,"[[""KO3201_FEED"", 1.34], [""KO3201_VIB"", 1.27]]",99.16
2026-04-07 18:00:00,162,1,53.63,9.59,133.62,63.79,28.67,55.1,0.3773,False,"[[""KO3201_FEED"", 0.38], [""PLANT_RATE"", 0.29]]",99.01
2026-04-07 19:00:00,163,1,55.87,9.73,140.79,64.84,28.99,53.82,1.9772,False,"[[""PLANT_RATE"", 1.98], [""KO3201_DISP"", 1.3]]",96.9
2026-04-07 20:00:00,164,1,54.7,9.51,130.21,65.59,28.59,57.18,0.5104,False,"[[""PLANT_RATE"", 0.51], [""KO3201_AMP"", 0.25]]",99.85
2026-04-07 21:00:00,165,1,53.01,9.25,135.69,64.25,28.62,57.39,1.4449,False,"[[""KO3201_DISP"", 1.44], [""KO3201_FEED"", 0.99]]",98.97
2026-04-07 22:00:00,166,1,54.79,9.61,133.51,64.78,28.87,55.87,0.3023,False,"[[""KO3201_DISP"", 0.3], [""KO3201_VIB"", -0.29]]",99.35
2026-04-07 23:00:00,167,1,55.04,9.53,134.86,64.69,28.14,57.32,2.1549,False,"[[""KO3201_VIB"", 2.15], [""PLANT_RATE"", 0.59]]",99.87
2026-04-08 00:00:00,168,1,55.69,9.38,138.96,65.77,28.55,58.35,1.7617,False,"[[""PLANT_RATE"", 1.76], [""KO3201_AMP"", 0.55]]",98.68
2026-04-08 01:00:00,169,1,55.46,9.37,134.42,65.92,28.69,55.19,0.1896,False,"[[""KO3201_DISP"", 0.19], [""KO3201_TEMP"", -0.05]]",100.0
2026-04-08 02:00:00,170,1,55.4,9.02,131.02,66.1,28.69,55.7,3.1775,False,"[[""KO3201_DISP"", 3.18], [""KO3201_AMP"", 0.42]]",100.0
2026-04-08 03:00:00,171,1,54.14,9.38,135.11,65.63,28.38,55.7,1.0598,False,"[[""KO3201_VIB"", 1.06], [""KO3201_FEED"", 0.4]]",99.62
2026-04-08 04:00:00,172,1,53.14,9.46,138.56,63.54,29.07,57.32,1.5295,False,"[[""KO3201_FEED"", 1.53], [""PLANT_RATE"", 1.01]]",98.07
2026-04-08 05:00:00,173,1,54.3,9.57,135.99,64.39,28.74,55.19,0.2294,False,"[[""PLANT_RATE"", 0.23], [""KO3201_VIB"", -0.21]]",99.04
2026-04-08 06:00:00,174,1,56.49,9.49,137.52,65.75,28.75,55.78,1.1452,False,"[[""KO3201_FEED"", 1.15], [""KO3201_AMP"", 0.21]]",99.16
2026-04-08 07:00:00,175,1,53.31,9.35,129.32,65.07,28.31,57.52,1.3752,False,"[[""KO3201_VIB"", 1.38], [""PLANT_RATE"", 1.01]]",99.32
2026-04-08 08:00:00,176,1,55.96,9.43,138.45,66.26,28.76,57.24,0.3474,False,"[[""PLANT_RATE"", 0.35], [""KO3201_AMP"", 0.32]]",98.85
2026-04-08 09:00:00,177,1,53.32,9.5,132.83,63.15,28.95,57.29,0.9562,False,"[[""KO3201_FEED"", 0.96], [""KO3201_TEMP"", 0.82]]",99.32
2026-04-08 10:00:00,178,1,53.54,9.58,129.97,63.7,29.0,55.12,0.872,False,"[[""KO3201_AMP"", 0.87], [""KO3201_FEED"", 0.85]]",99.0
2026-04-08 11:00:00,179,1,55.09,9.54,136.04,63.77,28.93,56.62,-0.0119,False,"[[""KO3201_VIB"", -0.01], [""KO3201_TEMP"", -0.09]]",99.46
2026-04-08 12:00:00,180,1,54.07,9.62,129.08,65.42,28.76,55.5,0.5938,False,"[[""KO3201_AMP"", 0.59], [""KO3201_FEED"", 0.39]]",99.02
2026-04-08 13:00:00,181,1,54.7,9.21,135.87,64.07,28.72,57.14,1.6441,False,"[[""KO3201_DISP"", 1.64], [""PLANT_RATE"", 0.66]]",99.59
2026-04-08 14:00:00,182,1,53.7,9.53,141.09,63.69,28.83,56.69,0.762,False,"[[""KO3201_AMP"", 0.76], [""KO3201_FEED"", 0.62]]",97.32
2026-04-08 15:00:00,183,1,55.11,9.54,132.58,65.49,28.95,56.91,0.304,False,"[[""KO3201_VIB"", 0.3], [""PLANT_RATE"", -0.06]]",99.81
2026-04-08 16:00:00,184,1,55.91,9.36,131.27,64.39,28.72,55.95,0.5976,False,"[[""KO3201_DISP"", 0.6], [""KO3201_AMP"", 0.42]]",100.0
2026-04-08 17:00:00,185,1,53.36,9.53,139.21,63.41,28.73,56.3,0.9679,False,"[[""KO3201_FEED"", 0.97], [""KO3201_AMP"", 0.68]]",97.81
2026-04-08 18:00:00,186,1,55.57,9.42,137.39,65.59,28.88,56.55,0.0853,False,"[[""KO3201_FEED"", 0.09], [""KO3201_VIB"", 0.01]]",99.2
2026-04-08 19:00:00,187,1,55.38,9.32,138.24,64.83,28.72,55.91,0.852,False,"[[""KO3201_DISP"", 0.85], [""KO3201_AMP"", 0.29]]",98.92
2026-04-08 20:00:00,188,1,55.83,9.3,127.2,65.7,28.84,56.49,1.475,False,"[[""KO3201_AMP"", 1.48], [""KO3201_DISP"", 0.68]]",100.0
2026-04-08 21:00:00,189,1,52.46,9.58,131.45,65.81,28.81,55.08,1.8312,False,"[[""KO3201_FEED"", 1.83], [""PLANT_RATE"", 0.24]]",98.6
2026-04-08 22:00:00,190,1,55.95,9.58,142.18,64.12,28.55,54.85,1.0707,False,"[[""KO3201_AMP"", 1.07], [""PLANT_RATE"", 0.35]]",97.19
2026-04-08 23:00:00,191,1,53.69,9.66,131.53,64.56,29.15,54.27,1.1152,False,"[[""PLANT_RATE"", 1.12], [""KO3201_VIB"", 1.01]]",98.68
2026-04-09 00:00:00,192,1,54.68,9.61,132.99,64.8,28.95,55.98,0.168,False,"[[""KO3201_DISP"", 0.17], [""KO3201_AMP"", -0.03]]",99.33
2026-04-09 01:00:00,193,1,54.47,9.57,135.29,65.96,28.55,57.06,0.6649,False,"[[""PLANT_RATE"", 0.66], [""KO3201_VIB"", 0.13]]",99.35
2026-04-09 02:00:00,194,1,53.84,9.34,135.67,64.93,28.54,56.61,0.6791,False,"[[""KO3201_DISP"", 0.68], [""KO3201_FEED"", 0.37]]",99.31
2026-04-09 03:00:00,195,1,54.01,9.47,134.05,66.49,28.66,53.98,1.4862,False,"[[""PLANT_RATE"", 1.49], [""KO3201_FEED"", 0.54]]",99.6
2026-04-09 04:00:00,196,1,54.16,9.46,124.39,64.18,28.63,56.58,2.2245,False,"[[""KO3201_AMP"", 2.22], [""PLANT_RATE"", 0.46]]",99.66
2026-04-09 05:00:00,197,1,55.14,9.8,136.97,64.98,28.53,56.19,2.0195,False,"[[""KO3201_DISP"", 2.02], [""KO3201_VIB"", 0.39]]",97.86
2026-04-09 06:00:00,198,1,55.76,9.37,130.17,66.86,28.83,55.97,0.5525,False,"[[""KO3201_TEMP"", 0.55], [""KO3201_DISP"", 0.52]]",100.0
2026-04-09 07:00:00,199,1,54.63,9.31,138.61,62.96,28.7,56.39,1.1674,False,"[[""KO3201_TEMP"", 1.17], [""KO3201_DISP"", 1.07]]",98.65
2026-04-09 08:00:00,200,1,55.82,9.35,139.76,63.16,28.54,56.77,0.6257,False,"[[""KO3201_VIB"", 0.63], [""KO3201_DISP"", 0.42]]",98.41
2026-04-09 09:00:00,201,1,55.12,9.65,130.42,65.98,29.16,57.64,1.2115,False,"[[""PLANT_RATE"", 1.21], [""KO3201_VIB"", 0.84]]",99.26
2026-04-09 10:00:00,202,1,56.22,9.4,135.34,66.07,28.69,57.5,0.8988,False,"[[""PLANT_RATE"", 0.9], [""KO3201_FEED"", 0.61]]",99.89
2026-04-09 11:00:00,203,1,53.5,9.61,141.3,66.39,28.85,58.23,1.8346,False,"[[""PLANT_RATE"", 1.83], [""KO3201_AMP"", 1.06]]",96.76
2026-04-09 12:00:00,204,1,55.11,9.42,141.65,66.2,28.44,56.79,1.3137,False,"[[""KO3201_AMP"", 1.31], [""KO3201_VIB"", 0.71]]",97.78
2026-04-09 13:00:00,205,1,54.9,9.65,138.67,66.47,28.5,55.51,0.6324,False,"[[""KO3201_VIB"", 0.63], [""KO3201_AMP"", 0.38]]",97.98
2026-04-09 14:00:00,206,1,55.1,9.27,132.79,64.26,28.52,57.6,1.0331,False,"[[""KO3201_DISP"", 1.03], [""PLANT_RATE"", 0.93]]",100.0
2026-04-09 15:00:00,207,1,55.34,9.43,136.51,65.01,29.0,54.84,0.296,False,"[[""PLANT_RATE"", 0.3], [""KO3201_VIB"", -0.18]]",99.5
2026-04-09 16:00:00,208,1,55.84,9.59,131.1,65.79,28.95,57.07,0.3475,False,"[[""KO3201_AMP"", 0.35], [""KO3201_FEED"", 0.25]]",99.56
2026-04-09 17:00:00,209,1,55.11,9.46,140.87,63.24,28.71,55.04,0.9474,False,"[[""KO3201_AMP"", 0.95], [""KO3201_TEMP"", 0.71]]",98.04
2026-04-09 18:00:00,210,1,55.52,9.36,136.3,63.15,28.7,55.53,0.4125,False,"[[""KO3201_TEMP"", 0.41], [""KO3201_DISP"", 0.21]]",99.57
2026-04-09 19:00:00,211,1,54.64,9.71,140.45,64.13,28.85,57.49,1.4197,False,"[[""KO3201_DISP"", 1.42], [""KO3201_AMP"", 0.96]]",96.98
2026-04-09 20:00:00,212,1,54.79,9.29,124.84,66.4,28.56,55.49,2.2714,False,"[[""KO3201_AMP"", 2.27], [""KO3201_DISP"", 1.12]]",99.92
2026-04-09 21:00:00,213,1,54.26,9.37,132.63,66.07,28.71,57.32,0.3816,False,"[[""PLANT_RATE"", 0.38], [""KO3201_DISP"", 0.18]]",99.7
2026-04-09 22:00:00,214,1,56.13,9.67,132.78,63.12,29.0,56.84,0.9196,False,"[[""KO3201_DISP"", 0.92], [""KO3201_TEMP"", 0.64]]",99.17
2026-04-09 23:00:00,215,1,55.81,9.75,133.25,64.17,28.55,56.01,1.423,False,"[[""KO3201_DISP"", 1.42], [""KO3201_FEED"", 0.08]]",98.74
2026-04-10 00:00:00,216,1,56.36,9.5,129.87,64.18,28.93,56.97,0.7971,False,"[[""KO3201_AMP"", 0.8], [""KO3201_FEED"", 0.78]]",100.0
2026-04-10 01:00:00,217,1,54.44,9.31,136.69,65.08,28.74,56.82,0.9255,False,"[[""KO3201_DISP"", 0.93], [""PLANT_RATE"", 0.05]]",99.21
2026-04-10 02:00:00,218,1,54.76,9.31,131.36,65.26,28.82,56.32,1.0615,False,"[[""KO3201_DISP"", 1.06], [""KO3201_AMP"", 0.17]]",99.9
2026-04-10 03:00:00,219,1,57.66,9.37,142.29,64.98,28.73,55.47,2.2115,False,"[[""KO3201_FEED"", 2.21], [""KO3201_AMP"", 1.43]]",97.57
2026-04-10 04:00:00,220,1,56.13,9.48,133.36,63.65,28.98,57.07,0.5672,False,"[[""PLANT_RATE"", 0.57], [""KO3201_VIB"", 0.47]]",100.0
2026-04-10 05:00:00,221,1,53.36,9.7,132.98,66.54,28.98,55.81,1.1043,False,"[[""KO3201_DISP"", 1.1], [""KO3201_FEED"", 0.97]]",98.36
2026-04-10 06:00:00,222,1,55.76,9.63,132.0,66.46,28.9,56.1,0.3371,False,"[[""KO3201_DISP"", 0.34], [""KO3201_FEED"", 0.26]]",99.33
2026-04-10 07:00:00,223,1,55.33,9.64,137.19,63.47,28.37,56.64,1.1246,False,"[[""KO3201_VIB"", 1.12], [""KO3201_TEMP"", 0.84]]",98.56
2026-04-10 08:00:00,224,1,54.58,9.43,136.2,64.73,28.8,56.06,-0.2785,False,"[[""KO3201_FEED"", -0.28], [""KO3201_TEMP"", -0.32]]",99.43
2026-04-10 09:00:00,225,1,54.64,9.61,131.0,66.5,29.06,56.44,0.6293,False,"[[""KO3201_VIB"", 0.63], [""KO3201_TEMP"", 0.52]]",99.31
2026-04-10 10:00:00,226,1,54.02,9.62,122.8,65.47,28.52,56.49,2.6095,False,"[[""KO3201_AMP"", 2.61], [""KO3201_VIB"", 0.76]]",99.02
2026-04-10 11:00:00,227,1,54.37,9.62,133.42,65.64,28.39,56.47,1.1748,False,"[[""KO3201_VIB"", 1.17], [""KO3201_DISP"", 0.35]]",99.12
2026-04-10 12:00:00,228,1,54.1,9.5,131.49,64.34,28.72,56.31,0.115,False,"[[""KO3201_TEMP"", 0.11], [""KO3201_AMP"", 0.03]]",99.64
2026-04-10 13:00:00,229,1,53.67,9.44,134.86,67.01,28.97,57.66,1.2009,False,"[[""PLANT_RATE"", 1.2], [""KO3201_TEMP"", 0.95]]",99.47
2026-04-10 14:00:00,230,1,54.53,9.66,131.34,63.42,28.46,55.65,0.9956,False,"[[""KO3201_VIB"", 1.0], [""KO3201_TEMP"", 0.86]]",98.99
2026-04-10 15:00:00,231,1,53.98,9.73,136.05,66.29,28.85,55.7,1.3509,False,"[[""KO3201_DISP"", 1.35], [""KO3201_FEED"", 0.08]]",98.08
2026-04-10 16:00:00,232,1,55.73,9.47,130.26,67.51,28.7,54.81,1.0849,False,"[[""KO3201_TEMP"", 1.08], [""PLANT_RATE"", 0.58]]",100.0
2026-04-10 17:00:00,233,1,56.08,9.55,135.88,63.9,28.76,53.64,1.8599,False,"[[""PLANT_RATE"", 1.86], [""KO3201_FEED"", 0.6]]",99.44
2026-04-10 18:00:00,234,1,54.78,9.66,133.91,66.9,28.87,56.89,0.7444,False,"[[""KO3201_DISP"", 0.74], [""KO3201_TEMP"", 0.68]]",99.1
2026-04-10 19:00:00,235,1,54.58,9.73,138.67,66.17,28.72,56.68,1.4002,False,"[[""KO3201_DISP"", 1.4], [""KO3201_AMP"", 0.25]]",97.47
2026-04-10 20:00:00,236,1,55.65,9.76,134.28,64.07,28.63,57.72,1.8879,False,"[[""KO3201_DISP"", 1.89], [""PLANT_RATE"", 0.85]]",98.69
2026-04-10 21:00:00,237,1,54.82,9.51,137.37,65.21,28.81,54.6,0.8044,False,"[[""PLANT_RATE"", 0.8], [""KO3201_AMP"", 0.09]]",99.11
2026-04-10 22:00:00,238,1,57.16,9.69,133.66,67.01,29.15,55.33,1.5325,False,"[[""KO3201_FEED"", 1.53], [""KO3201_TEMP"", 1.28]]",99.05
2026-04-10 23:00:00,239,1,52.05,9.32,134.04,64.35,28.92,55.55,2.4309,False,"[[""KO3201_FEED"", 2.43], [""KO3201_DISP"", 0.31]]",98.82
2026-04-11 00:00:00,240,1,52.38,9.18,132.11,64.35,28.94,58.27,2.2069,False,"[[""PLANT_RATE"", 2.21], [""KO3201_FEED"", 2.04]]",98.95
2026-04-11 01:00:00,241,1,53.74,9.44,129.68,60.9,28.54,57.16,1.7063,False,"[[""KO3201_TEMP"", 1.71], [""KO3201_AMP"", 1.34]]",99.5
2026-04-11 02:00:00,242,1,55.47,9.55,135.6,62.61,28.64,55.97,0.4847,False,"[[""KO3201_VIB"", 0.48], [""KO3201_TEMP"", 0.05]]",99.53
2026-04-11 03:00:00,243,1,55.8,9.28,134.76,64.44,28.44,56.13,0.9562,False,"[[""KO3201_DISP"", 0.96], [""KO3201_VIB"", 0.88]]",100.0
2026-04-11 04:00:00,244,1,54.43,9.48,141.14,64.8,29.0,56.49,0.4708,False,"[[""KO3201_AMP"", 0.47], [""KO3201_FEED"", -0.03]]",97.73
2026-04-11 05:00:00,245,1,54.97,9.53,136.72,65.83,29.02,54.94,0.0742,False,"[[""KO3201_VIB"", 0.07], [""PLANT_RATE"", -0.01]]",99.28
2026-04-11 06:00:00,246,1,54.63,9.5,142.28,66.24,28.88,56.52,1.5298,False,"[[""KO3201_AMP"", 1.53], [""KO3201_VIB"", -0.04]]",97.43
2026-04-11 07:00:00,247,1,55.49,9.54,142.63,67.79,28.96,54.99,1.652,False,"[[""KO3201_AMP"", 1.65], [""KO3201_TEMP"", 1.35]]",97.25
2026-04-11 08:00:00,248,1,57.18,9.67,135.97,65.99,28.67,56.26,1.9226,False,"[[""KO3201_FEED"", 1.92], [""KO3201_DISP"", 0.56]]",98.84
2026-04-11 09:00:00,249,1,52.46,9.46,130.86,69.17,28.68,56.89,2.537,False,"[[""KO3201_TEMP"", 2.54], [""KO3201_FEED"", 1.86]]",98.98
2026-04-11 10:00:00,250,1,57.4,9.43,134.02,66.09,29.07,56.45,1.8503,False,"[[""KO3201_FEED"", 1.85], [""KO3201_VIB"", 0.55]]",100.0
2026-04-11 11:00:00,251,1,56.12,9.58,139.0,66.93,28.68,55.39,0.8741,False,"[[""KO3201_TEMP"", 0.87], [""KO3201_FEED"", 0.44]]",98.26
2026-04-11 12:00:00,252,1,54.62,9.66,134.72,63.85,29.03,55.84,0.5611,False,"[[""KO3201_DISP"", 0.56], [""KO3201_VIB"", 0.28]]",99.05
2026-04-11 13:00:00,253,1,55.5,9.44,139.32,65.66,29.18,57.0,0.866,False,"[[""KO3201_VIB"", 0.87], [""KO3201_AMP"", 0.61]]",98.56
2026-04-11 14:00:00,254,1,54.93,9.7,133.49,66.39,28.49,55.59,1.177,False,"[[""KO3201_DISP"", 1.18], [""KO3201_VIB"", 0.65]]",98.96
2026-04-11 15:00:00,255,1,55.49,9.61,135.35,66.38,28.56,54.68,0.8067,False,"[[""PLANT_RATE"", 0.81], [""KO3201_VIB"", 0.51]]",99.33
2026-04-11 16:00:00,256,1,55.49,9.44,138.67,64.37,29.19,55.84,0.9745,False,"[[""KO3201_VIB"", 0.97], [""KO3201_AMP"", 0.21]]",98.78
2026-04-11 17:00:00,257,1,55.82,9.5,137.61,64.95,29.02,55.58,0.162,False,"[[""KO3201_AMP"", 0.16], [""KO3201_FEED"", 0.13]]",99.13
2026-04-11 18:00:00,258,1,53.86,9.38,136.31,63.21,29.16,55.91,0.6396,False,"[[""KO3201_VIB"", 0.64], [""KO3201_TEMP"", 0.46]]",99.11
2026-04-11 19:00:00,259,1,55.64,9.6,135.99,65.5,29.19,56.13,0.9326,False,"[[""KO3201_VIB"", 0.93], [""KO3201_DISP"", 0.4]]",99.16
2026-04-11 20:00:00,260,1,54.24,9.52,137.29,63.51,28.7,55.75,0.5027,False,"[[""KO3201_TEMP"", 0.5], [""KO3201_AMP"", -0.09]]",98.85
2026-04-11 21:00:00,261,1,54.64,9.79,134.67,66.4,29.28,55.75,1.9458,False,"[[""KO3201_DISP"", 1.95], [""KO3201_VIB"", 1.55]]",98.39
2026-04-11 22:00:00,262,1,55.84,9.12,138.98,65.38,29.12,57.1,2.8574,False,"[[""KO3201_DISP"", 2.86], [""KO3201_VIB"", 0.85]]",98.67
2026-04-11 23:00:00,263,1,54.48,9.32,132.67,66.03,29.03,56.75,0.4367,False,"[[""KO3201_VIB"", 0.44], [""KO3201_DISP"", 0.28]]",99.79
2026-04-12 00:00:00,264,1,55.3,9.43,147.07,65.86,28.86,57.15,2.9289,False,"[[""KO3201_AMP"", 2.93], [""PLANT_RATE"", 0.46]]",95.98
2026-04-12 01:00:00,265,1,55.33,9.58,135.93,65.66,28.69,56.2,-0.1212,False,"[[""KO3201_VIB"", -0.12], [""KO3201_TEMP"", -0.24]]",99.3
2026-04-12 02:00:00,266,1,55.08,9.45,131.68,66.18,28.59,55.7,0.3838,False,"[[""KO3201_VIB"", 0.38], [""KO3201_TEMP"", 0.12]]",100.0
2026-04-12 03:00:00,267,1,53.63,9.39,128.56,65.12,28.43,56.45,1.2236,False,"[[""KO3201_VIB"", 1.22], [""KO3201_AMP"", 1.14]]",99.45
2026-04-12 04:00:00,268,1,55.51,9.56,131.4,62.7,28.57,54.55,0.9804,False,"[[""KO3201_TEMP"", 0.98], [""KO3201_AMP"", 0.88]]",99.69
2026-04-12 05:00:00,269,1,55.18,9.44,136.58,66.84,28.59,54.9,1.0582,False,"[[""KO3201_TEMP"", 1.06], [""PLANT_RATE"", 0.86]]",99.47
2026-04-12 06:00:00,270,1,57.43,9.54,133.05,63.96,28.83,57.02,1.9716,False,"[[""KO3201_FEED"", 1.97], [""PLANT_RATE"", 0.75]]",99.82
2026-04-12 07:00:00,271,1,53.83,9.63,139.63,66.33,28.61,55.59,0.3756,False,"[[""KO3201_FEED"", 0.38], [""KO3201_AMP"", 0.37]]",97.32
2026-04-12 08:00:00,272,1,56.14,9.64,133.61,65.8,28.35,55.39,1.1846,False,"[[""KO3201_VIB"", 1.18], [""KO3201_FEED"", 0.55]]",99.28
2026-04-12 09:00:00,273,1,54.52,9.27,130.82,65.56,28.82,54.93,1.036,False,"[[""KO3201_DISP"", 1.04], [""KO3201_AMP"", 0.42]]",99.81
2026-04-12 10:00:00,274,1,54.65,9.39,133.72,65.25,28.28,56.58,1.7026,False,"[[""KO3201_VIB"", 1.7], [""PLANT_RATE"", 0.12]]",99.86
2026-04-12 11:00:00,275,1,56.86,9.57,132.81,65.42,28.7,54.82,1.4665,False,"[[""KO3201_FEED"", 1.47], [""PLANT_RATE"", 0.52]]",99.67
2026-04-12 12:00:00,276,1,54.84,9.47,134.19,65.31,28.95,57.41,0.7157,False,"[[""PLANT_RATE"", 0.72], [""KO3201_VIB"", -0.28]]",99.93
2026-04-12 13:00:00,277,1,55.86,9.39,130.38,65.05,28.4,56.32,0.9424,False,"[[""KO3201_VIB"", 0.94], [""KO3201_AMP"", 0.55]]",100.0
2026-04-12 14:00:00,278,1,55.13,9.59,134.4,64.84,28.48,54.21,1.7231,False,"[[""PLANT_RATE"", 1.72], [""KO3201_VIB"", 0.51]]",99.55
2026-04-12 15:00:00,279,1,53.99,9.51,127.44,65.44,28.77,55.55,1.2014,False,"[[""KO3201_AMP"", 1.2], [""KO3201_FEED"", 0.19]]",99.53
2026-04-12 16:00:00,280,1,54.75,9.57,135.5,65.88,29.11,55.0,0.91,False,"[[""KO3201_VIB"", 0.91], [""PLANT_RATE"", 0.54]]",99.39
2026-04-12 17:00:00,281,1,54.51,9.63,134.42,64.4,28.75,56.68,0.4156,False,"[[""KO3201_DISP"", 0.42], [""KO3201_TEMP"", -0.08]]",99.14
2026-04-12 18:00:00,282,1,54.74,9.44,134.34,65.36,28.67,56.66,-0.3343,False,"[[""PLANT_RATE"", -0.33], [""KO3201_VIB"", -0.34]]",99.9
2026-04-12 19:00:00,283,1,57.04,9.65,131.71,63.09,28.85,55.57,1.5022,False,"[[""KO3201_FEED"", 1.5], [""KO3201_TEMP"", 1.14]]",99.24
2026-04-12 20:00:00,284,1,55.5,9.53,134.74,63.84,28.35,55.4,1.2981,False,"[[""KO3201_VIB"", 1.3], [""KO3201_TEMP"", 0.03]]",99.86
2026-04-12 21:00:00,285,1,53.08,9.54,135.76,62.54,28.4,56.56,1.4881,False,"[[""KO3201_TEMP"", 1.49], [""KO3201_FEED"", 1.19]]",98.77
2026-04-12 22:00:00,286,1,57.06,9.65,128.0,64.63,28.95,55.42,1.5143,False,"[[""KO3201_FEED"", 1.51], [""KO3201_AMP"", 1.2]]",99.23
2026-04-12 23:00:00,287,1,55.41,9.26,138.87,65.55,28.98,57.52,1.3713,False,"[[""KO3201_DISP"", 1.37], [""PLANT_RATE"", 0.96]]",98.71
2026-04-13 00:00:00,288,1,55.98,9.26,134.35,66.0,28.93,55.38,1.0615,False,"[[""KO3201_DISP"", 1.06], [""KO3201_FEED"", 0.44]]",100.0
2026-04-13 01:00:00,289,1,56.71,9.33,136.91,63.08,28.81,56.46,1.2791,False,"[[""KO3201_FEED"", 1.28], [""KO3201_TEMP"", 0.79]]",99.36
2026-04-13 02:00:00,290,1,54.09,9.63,141.06,66.17,28.89,53.96,1.8138,False,"[[""PLANT_RATE"", 1.81], [""KO3201_AMP"", 0.91]]",96.98
2026-04-13 03:00:00,291,1,55.36,9.52,130.03,63.54,28.34,56.49,1.3372,False,"[[""KO3201_VIB"", 1.34], [""KO3201_TEMP"", 0.75]]",99.91
2026-04-13 04:00:00,292,1,54.84,9.42,131.0,64.42,28.51,55.41,0.7836,False,"[[""KO3201_VIB"", 0.78], [""KO3201_AMP"", 0.47]]",99.93
2026-04-13 05:00:00,293,1,54.61,9.35,131.13,64.29,28.68,56.37,0.654,False,"[[""KO3201_AMP"", 0.65], [""KO3201_DISP"", 0.23]]",99.84
2026-04-13 06:00:00,294,1,54.66,9.25,135.15,67.25,29.02,57.27,1.3757,False,"[[""KO3201_DISP"", 1.38], [""KO3201_TEMP"", 0.93]]",99.81
2026-04-13 07:00:00,295,1,55.11,9.54,130.96,65.25,28.83,55.89,0.0252,False,"[[""KO3201_AMP"", 0.03], [""KO3201_DISP"", -0.07]]",99.78
2026-04-13 08:00:00,296,1,56.28,9.5,131.51,67.99,28.79,53.38,2.5432,False,"[[""PLANT_RATE"", 2.54], [""KO3201_TEMP"", 1.6]]",100.0
2026-04-13 09:00:00,297,1,55.86,9.56,141.97,66.41,28.5,53.87,1.2708,False,"[[""PLANT_RATE"", 1.27], [""KO3201_AMP"", 1.26]]",97.39
2026-04-13 10:00:00,298,1,55.32,9.64,134.0,64.64,28.81,56.16,0.3397,False,"[[""KO3201_DISP"", 0.34], [""KO3201_TEMP"", -0.17]]",99.33
2026-04-13 11:00:00,299,1,56.32,9.54,136.64,65.58,28.88,55.1,1.1359,False,"[[""KO3201_FEED"", 1.14], [""PLANT_RATE"", 0.02]]",99.24
2026-04-13 12:00:00,300,1,52.45,9.7,139.04,66.94,28.92,54.82,1.5979,False,"[[""KO3201_FEED"", 1.6], [""KO3201_DISP"", 1.23]]",96.63
2026-04-13 13:00:00,301,1,55.04,9.44,140.86,63.78,28.75,57.16,1.075,False,"[[""KO3201_AMP"", 1.08], [""PLANT_RATE"", 0.56]]",98.05
2026-04-13 14:00:00,302,1,55.4,9.72,129.29,64.32,29.29,55.82,1.4539,False,"[[""KO3201_VIB"", 1.45], [""KO3201_DISP"", 1.18]]",98.89
2026-04-13 15:00:00,303,1,55.35,9.56,136.58,64.96,28.5,57.06,0.5881,False,"[[""KO3201_VIB"", 0.59], [""PLANT_RATE"", 0.41]]",99.15
2026-04-13 16:00:00,304,1,56.56,9.42,138.1,64.56,29.01,57.04,0.5668,False,"[[""KO3201_FEED"", 0.57], [""PLANT_RATE"", 0.34]]",98.97
2026-04-13 17:00:00,305,1,55.2,9.53,139.5,64.64,28.47,55.63,0.5784,False,"[[""KO3201_VIB"", 0.58], [""KO3201_AMP"", 0.56]]",98.37
2026-04-13 18:00:00,306,1,56.52,9.82,132.36,67.44,28.47,56.19,1.8957,False,"[[""KO3201_DISP"", 1.9], [""KO3201_TEMP"", 1.18]]",98.41
2026-04-13 19:00:00,307,1,54.81,9.32,133.31,65.23,28.96,54.78,0.4439,False,"[[""PLANT_RATE"", 0.44], [""KO3201_DISP"", 0.43]]",99.93
2026-04-13 20:00:00,308,1,55.77,9.41,135.8,64.57,28.69,56.48,0.0292,False,"[[""KO3201_FEED"", 0.03], [""KO3201_DISP"", -0.32]]",99.73
2026-04-13 21:00:00,309,1,55.13,9.44,135.23,64.46,28.6,56.01,0.0614,False,"[[""KO3201_VIB"", 0.06], [""KO3201_DISP"", -0.35]]",99.92
2026-04-13 22:00:00,310,1,54.74,9.52,133.74,63.1,28.8,57.74,1.1084,False,"[[""PLANT_RATE"", 1.11], [""KO3201_TEMP"", 0.68]]",99.77
2026-04-13 23:00:00,311,1,55.58,9.51,132.59,66.16,29.42,56.94,2.1164,False,"[[""KO3201_VIB"", 2.12], [""KO3201_TEMP"", 0.93]]",99.95
2026-04-14 00:00:00,312,1,55.64,9.77,134.55,64.12,28.64,55.86,1.6483,False,"[[""KO3201_DISP"", 1.65], [""KO3201_TEMP"", 0.11]]",98.63
2026-04-14 01:00:00,313,1,54.03,9.47,133.9,70.09,28.71,55.3,3.3961,False,"[[""KO3201_TEMP"", 3.4], [""KO3201_FEED"", 0.21]]",99.61
2026-04-14 02:00:00,314,1,56.06,9.6,136.03,65.67,29.1,55.8,0.5614,False,"[[""KO3201_VIB"", 0.56], [""KO3201_FEED"", 0.36]]",99.17
2026-04-14 03:00:00,315,1,54.73,9.43,132.53,64.19,28.65,56.03,0.2622,False,"[[""KO3201_TEMP"", 0.26], [""KO3201_AMP"", -0.02]]",99.89
2026-04-14 04:00:00,316,1,55.12,9.34,130.94,63.29,29.39,56.84,1.697,False,"[[""KO3201_VIB"", 1.7], [""KO3201_DISP"", 0.48]]",100.0
2026-04-14 05:00:00,317,1,52.06,9.48,133.21,64.35,28.47,57.13,2.3116,False,"[[""KO3201_FEED"", 2.31], [""PLANT_RATE"", 0.58]]",98.82
2026-04-14 06:00:00,318,1,54.99,9.46,134.18,65.59,28.74,54.74,0.7937,False,"[[""PLANT_RATE"", 0.79], [""KO3201_TEMP"", 0.36]]",99.99
2026-04-14 07:00:00,319,1,52.91,9.6,139.3,64.18,29.04,54.91,1.3134,False,"[[""KO3201_FEED"", 1.31], [""KO3201_AMP"", 0.77]]",97.24
2026-04-14 08:00:00,320,1,55.96,9.69,133.45,65.91,28.74,56.39,0.633,False,"[[""KO3201_DISP"", 0.63], [""KO3201_FEED"", 0.58]]",99.03
2026-04-14 09:00:00,321,1,54.16,9.43,126.61,66.0,28.67,54.73,2.0255,False,"[[""KO3201_AMP"", 2.03], [""PLANT_RATE"", 0.5]]",99.66
2026-04-14 10:00:00,322,1,54.53,9.66,143.86,65.81,28.44,55.92,1.7238,False,"[[""KO3201_AMP"", 1.72], [""KO3201_VIB"", 0.65]]",96.06
2026-04-14 11:00:00,323,1,54.82,9.35,139.89,65.74,28.76,54.12,1.4685,False,"[[""PLANT_RATE"", 1.47], [""KO3201_AMP"", 0.6]]",98.3
2026-04-14 12:00:00,324,1,53.55,9.76,137.41,65.03,29.01,55.67,1.8234,False,"[[""KO3201_DISP"", 1.82], [""KO3201_FEED"", 0.78]]",97.34
2026-04-14 13:00:00,325,1,55.04,9.28,136.98,64.08,28.73,55.54,0.8622,False,"[[""KO3201_DISP"", 0.86], [""KO3201_TEMP"", 0.07]]",99.34
2026-04-14 14:00:00,326,1,53.66,9.43,135.22,63.25,28.54,55.68,0.6959,False,"[[""KO3201_TEMP"", 0.7], [""KO3201_VIB"", 0.59]]",99.39
2026-04-14 15:00:00,327,1,54.78,9.54,142.1,62.71,29.12,55.33,1.281,False,"[[""KO3201_AMP"", 1.28], [""KO3201_VIB"", 0.6]]",97.37
2026-04-14 16:00:00,328,1,55.96,9.44,130.17,64.37,29.0,56.54,0.5636,False,"[[""KO3201_AMP"", 0.56], [""KO3201_FEED"", 0.51]]",100.0
2026-04-14 17:00:00,329,1,56.42,9.33,138.08,65.97,28.94,56.97,1.0163,False,"[[""KO3201_FEED"", 1.02], [""KO3201_TEMP"", 0.78]]",98.97
2026-04-14 18:00:00,330,1,56.59,9.6,138.12,65.0,28.74,56.8,1.0667,False,"[[""KO3201_FEED"", 1.07], [""KO3201_DISP"", 0.25]]",98.45
2026-04-14 19:00:00,331,1,54.76,9.35,144.64,63.53,28.58,55.73,2.185,False,"[[""KO3201_AMP"", 2.19], [""KO3201_TEMP"", 0.71]]",96.69
2026-04-14 20:00:00,332,1,53.96,9.64,134.73,66.3,29.08,55.68,0.7531,False,"[[""KO3201_VIB"", 0.75], [""KO3201_DISP"", 0.6]]",98.89
2026-04-14 21:00:00,333,1,55.55,9.28,141.26,63.62,28.81,55.31,1.1455,False,"[[""KO3201_AMP"", 1.15], [""KO3201_DISP"", 0.94]]",97.91
2026-04-14 22:00:00,334,1,56.73,9.65,136.85,63.34,28.7,55.24,1.1485,False,"[[""KO3201_FEED"", 1.15], [""KO3201_TEMP"", 0.7]]",98.64
2026-04-14 23:00:00,335,1,54.05,9.62,131.11,63.6,28.74,55.84,0.4407,False,"[[""KO3201_DISP"", 0.44], [""KO3201_AMP"", 0.32]]",99.02
2026-04-15 00:00:00,336,1,56.5,9.57,130.65,64.06,28.89,55.83,1.142,False,"[[""KO3201_FEED"", 1.14], [""KO3201_AMP"", 0.23]]",99.63
2026-04-15 01:00:00,337,1,54.86,9.65,139.94,64.88,29.0,55.79,0.5471,False,"[[""KO3201_AMP"", 0.55], [""KO3201_DISP"", 0.42]]",97.54
2026-04-15 02:00:00,338,1,52.1,9.47,130.34,63.23,28.78,56.27,2.1112,False,"[[""KO3201_FEED"", 2.11], [""KO3201_TEMP"", 1.04]]",98.84
2026-04-15 03:00:00,339,1,55.09,9.49,133.94,62.7,28.7,56.93,1.3661,False,"[[""KO3201_TEMP"", 1.37], [""PLANT_RATE"", 0.02]]",100.0
2026-04-15 04:00:00,340,1,57.08,9.67,141.87,65.61,28.51,55.34,1.6089,False,"[[""KO3201_FEED"", 1.61], [""KO3201_AMP"", 1.47]]",96.88
2026-04-15 05:00:00,341,1,55.8,9.35,131.29,65.36,28.72,55.77,0.5531,False,"[[""KO3201_DISP"", 0.55], [""KO3201_FEED"", 0.32]]",100.0
2026-04-15 06:00:00,342,1,56.19,9.46,137.42,65.66,28.74,56.61,0.5246,False,"[[""KO3201_FEED"", 0.52], [""KO3201_AMP"", 0.05]]",99.19
2026-04-15 07:00:00,343,1,55.45,9.46,142.97,66.06,28.87,56.24,1.3183,False,"[[""KO3201_AMP"", 1.32], [""KO3201_TEMP"", 0.19]]",97.34
2026-04-15 08:00:00,344,1,53.16,9.46,141.36,65.06,28.78,55.17,1.071,False,"[[""KO3201_AMP"", 1.07], [""KO3201_FEED"", 1.03]]",97.14
2026-04-15 09:00:00,345,1,52.41,9.46,138.33,67.51,28.66,54.77,1.8193,False,"[[""KO3201_FEED"", 1.82], [""KO3201_TEMP"", 1.06]]",97.86
2026-04-15 10:00:00,346,1,53.84,9.14,132.19,64.7,28.76,56.72,2.3276,False,"[[""KO3201_DISP"", 2.33], [""KO3201_FEED"", 0.24]]",99.54
2026-04-15 11:00:00,347,1,54.59,9.49,142.49,64.91,28.94,54.89,0.9232,False,"[[""KO3201_AMP"", 0.92], [""PLANT_RATE"", 0.62]]",97.34
2026-04-15 12:00:00,348,1,53.9,9.54,137.18,66.84,28.76,56.47,0.8238,False,"[[""KO3201_TEMP"", 0.82], [""KO3201_FEED"", -0.01]]",98.65
2026-04-15 13:00:00,349,1,54.12,9.68,135.38,65.55,28.74,54.96,0.391,False,"[[""KO3201_FEED"", 0.39], [""PLANT_RATE"", 0.17]]",98.64
2026-04-15 14:00:00,350,1,55.87,9.61,130.77,64.77,28.73,57.91,1.4235,False,"[[""PLANT_RATE"", 1.42], [""KO3201_AMP"", 0.61]]",99.44
2026-04-15 15:00:00,351,1,56.62,9.41,126.41,64.97,28.71,54.91,1.5921,False,"[[""KO3201_AMP"", 1.59], [""KO3201_FEED"", 1.08]]",100.0
2026-04-15 16:00:00,352,1,53.14,9.46,136.71,63.33,28.87,57.98,1.2879,False,"[[""KO3201_FEED"", 1.29], [""PLANT_RATE"", 1.15]]",98.69
2026-04-15 17:00:00,353,1,53.83,9.36,133.3,65.93,28.94,56.84,0.7195,False,"[[""KO3201_FEED"", 0.72], [""KO3201_DISP"", 0.52]]",99.53
2026-04-15 18:00:00,354,1,54.9,9.44,128.25,64.68,28.72,57.53,0.7689,False,"[[""KO3201_AMP"", 0.77], [""PLANT_RATE"", 0.22]]",99.96
2026-04-15 19:00:00,355,1,54.78,9.41,138.77,65.62,28.74,57.37,0.8494,False,"[[""KO3201_AMP"", 0.85], [""PLANT_RATE"", 0.75]]",98.66
2026-04-15 20:00:00,356,1,52.41,9.65,136.14,66.87,28.88,56.62,2.0348,False,"[[""KO3201_FEED"", 2.03], [""KO3201_DISP"", 0.66]]",97.81
2026-04-15 21:00:00,357,1,58.25,9.55,132.69,66.09,28.98,55.74,2.9303,False,"[[""KO3201_FEED"", 2.93], [""KO3201_VIB"", 0.2]]",99.75
2026-04-15 22:00:00,358,1,55.78,9.58,133.48,65.37,29.13,58.68,2.4116,False,"[[""PLANT_RATE"", 2.41], [""KO3201_VIB"", 0.7]]",99.59
2026-04-15 23:00:00,359,1,55.4,9.44,137.38,65.54,28.46,55.63,0.8645,False,"[[""KO3201_VIB"", 0.86], [""KO3201_AMP"", -0.06]]",99.21
2026-04-16 00:00:00,360,1,52.88,9.47,137.24,65.18,29.0,56.27,1.571,False,"[[""KO3201_FEED"", 1.57], [""KO3201_VIB"", -0.04]]",98.41
2026-04-16 01:00:00,361,1,55.33,9.57,131.5,67.39,28.67,54.64,1.1006,False,"[[""KO3201_TEMP"", 1.1], [""PLANT_RATE"", 0.77]]",99.66
2026-04-16 02:00:00,362,1,53.71,9.38,138.84,62.31,28.94,56.07,1.7579,False,"[[""KO3201_TEMP"", 1.76], [""KO3201_FEED"", 0.98]]",98.2
2026-04-16 03:00:00,363,1,55.57,9.57,134.37,64.35,29.02,56.7,0.1195,False,"[[""KO3201_DISP"", 0.12], [""KO3201_VIB"", 0.11]]",99.65
2026-04-16 04:00:00,364,1,55.33,9.62,131.1,63.84,29.24,55.33,1.5576,False,"[[""KO3201_VIB"", 1.56], [""KO3201_AMP"", 0.29]]",99.39
2026-04-16 05:00:00,365,1,55.05,9.41,134.64,65.59,28.67,56.23,0.1648,False,"[[""KO3201_DISP"", 0.16], [""KO3201_VIB"", -0.18]]",100.0
2026-04-16 06:00:00,366,1,55.48,9.49,135.29,64.73,29.04,55.77,0.4815,False,"[[""KO3201_VIB"", 0.48], [""KO3201_FEED"", -0.25]]",99.9
2026-04-16 07:00:00,367,1,54.36,9.37,139.86,65.14,28.19,55.72,1.6066,False,"[[""KO3201_VIB"", 1.61], [""KO3201_AMP"", 0.76]]",98.13
2026-04-16 08:00:00,368,1,55.2,9.74,137.9,67.73,28.8,56.75,1.6643,False,"[[""KO3201_DISP"", 1.66], [""KO3201_TEMP"", 1.36]]",97.85
2026-04-16 09:00:00,369,1,52.35,9.56,126.12,65.39,28.25,57.01,2.0401,False,"[[""KO3201_FEED"", 2.04], [""KO3201_AMP"", 1.88]]",98.64
2026-04-16 10:00:00,370,1,55.81,9.65,130.21,66.21,28.61,55.29,0.6481,False,"[[""KO3201_DISP"", 0.65], [""KO3201_AMP"", 0.53]]",99.23
2026-04-16 11:00:00,371,1,54.8,9.46,138.34,64.43,28.51,54.24,1.4468,False,"[[""PLANT_RATE"", 1.45], [""KO3201_VIB"", 0.69]]",98.81
2026-04-16 12:00:00,372,1,57.8,9.37,136.26,64.04,28.43,56.58,2.5476,False,"[[""KO3201_FEED"", 2.55], [""KO3201_VIB"", 1.2]]",99.58
2026-04-16 13:00:00,373,1,55.12,9.48,131.28,63.57,28.78,54.92,0.7004,False,"[[""KO3201_AMP"", 0.7], [""PLANT_RATE"", 0.2]]",100.0
2026-04-16 14:00:00,374,1,52.41,9.7,133.1,67.03,28.52,55.6,1.8478,False,"[[""KO3201_FEED"", 1.85], [""KO3201_TEMP"", 1.21]]",97.97
2026-04-16 15:00:00,375,1,56.7,9.74,141.64,63.45,28.5,55.2,1.4831,False,"[[""KO3201_DISP"", 1.48], [""KO3201_AMP"", 1.22]]",96.61
2026-04-16 16:00:00,376,1,54.2,9.61,125.61,64.34,28.59,57.15,2.0263,False,"[[""KO3201_AMP"", 2.03], [""KO3201_DISP"", 0.29]]",99.12
2026-04-16 17:00:00,377,1,53.76,9.5,140.16,68.26,28.66,58.41,2.0733,False,"[[""KO3201_TEMP"", 2.07], [""PLANT_RATE"", 2.04]]",97.78
2026-04-16 18:00:00,378,1,54.96,9.56,139.47,65.55,28.92,55.46,0.0873,False,"[[""KO3201_AMP"", 0.09], [""PLANT_RATE"", -0.19]]",98.2
2026-04-16 19:00:00,379,1,56.42,9.66,132.74,65.07,28.68,58.4,1.4621,False,"[[""PLANT_RATE"", 1.46], [""KO3201_FEED"", 0.79]]",99.22
2026-04-16 20:00:00,380,1,57.15,9.35,134.05,64.69,28.56,56.25,1.1699,False,"[[""KO3201_FEED"", 1.17], [""KO3201_VIB"", 0.27]]",100.0
2026-04-16 21:00:00,381,1,54.58,9.63,136.61,63.39,28.36,55.72,1.3363,False,"[[""KO3201_VIB"", 1.34], [""KO3201_TEMP"", 0.48]]",98.65
2026-04-16 22:00:00,382,1,55.24,9.38,135.47,65.55,28.93,57.27,0.8736,False,"[[""PLANT_RATE"", 0.87], [""KO3201_DISP"", 0.02]]",99.84
2026-04-16 23:00:00,383,1,55.25,9.54,136.85,66.46,28.86,58.13,1.2313,False,"[[""PLANT_RATE"", 1.23], [""KO3201_TEMP"", 0.22]]",99.19
2026-04-17 00:00:00,384,1,54.28,9.61,139.95,63.75,28.94,55.83,0.7862,False,"[[""KO3201_AMP"", 0.79], [""KO3201_TEMP"", 0.49]]",97.53
2026-04-17 01:00:00,385,1,54.44,9.54,132.6,64.33,28.62,55.73,0.0925,False,"[[""KO3201_TEMP"", 0.09], [""KO3201_VIB"", 0.05]]",99.57
2026-04-17 02:00:00,386,1,54.84,9.52,135.14,67.35,29.08,58.06,1.6487,False,"[[""PLANT_RATE"", 1.65], [""KO3201_TEMP"", 1.0]]",99.82
2026-04-17 03:00:00,387,1,54.94,9.69,136.99,64.49,28.92,57.02,0.9402,False,"[[""KO3201_DISP"", 0.94], [""PLANT_RATE"", 0.42]]",98.36
2026-04-17 04:00:00,388,1,56.18,9.44,133.4,66.07,29.35,53.08,3.0153,False,"[[""PLANT_RATE"", 3.02], [""KO3201_VIB"", 1.71]]",100.0
2026-04-17 05:00:00,389,1,52.87,9.45,135.02,68.24,28.7,55.9,1.6648,False,"[[""KO3201_FEED"", 1.66], [""KO3201_TEMP"", 1.63]]",99.14
2026-04-17 06:00:00,390,1,55.53,9.37,141.01,63.8,28.99,55.22,1.0925,False,"[[""KO3201_AMP"", 1.09], [""KO3201_DISP"", 0.36]]",98.0
2026-04-17 07:00:00,391,1,55.42,9.53,126.93,64.9,29.19,55.45,1.6266,False,"[[""KO3201_AMP"", 1.63], [""KO3201_VIB"", 0.7]]",99.86
2026-04-17 08:00:00,392,1,56.52,9.61,136.29,63.73,28.73,56.2,0.8609,False,"[[""KO3201_FEED"", 0.86], [""KO3201_TEMP"", 0.25]]",99.01
2026-04-17 09:00:00,393,1,54.58,9.49,132.99,61.85,28.78,55.56,1.8936,False,"[[""KO3201_TEMP"", 1.89], [""PLANT_RATE"", 0.04]]",99.83
2026-04-17 10:00:00,394,1,54.59,9.22,130.57,66.87,28.66,55.64,1.6019,False,"[[""KO3201_DISP"", 1.6], [""KO3201_TEMP"", 1.43]]",99.83
2026-04-17 11:00:00,395,1,55.12,9.57,134.22,65.87,28.72,58.29,2.1994,False,"[[""PLANT_RATE"", 2.2], [""KO3201_TEMP"", -0.12]]",99.67
2026-04-17 12:00:00,396,1,54.37,9.59,136.64,64.61,28.99,54.33,1.1884,False,"[[""PLANT_RATE"", 1.19], [""KO3201_DISP"", -0.03]]",98.73
2026-04-17 13:00:00,397,1,54.34,9.38,138.45,65.66,28.84,56.25,0.3139,False,"[[""KO3201_AMP"", 0.31], [""KO3201_DISP"", 0.1]]",98.59
2026-04-17 14:00:00,398,1,54.26,9.47,132.09,64.18,28.53,56.71,0.5982,False,"[[""KO3201_VIB"", 0.6], [""KO3201_FEED"", 0.21]]",99.7
2026-04-17 15:00:00,399,1,54.26,9.51,137.75,62.97,29.4,54.52,1.903,False,"[[""KO3201_VIB"", 1.9], [""KO3201_TEMP"", 0.81]]",98.76
2026-04-17 16:00:00,400,1,53.86,9.39,140.99,64.11,28.61,54.85,1.1468,False,"[[""KO3201_AMP"", 1.15], [""PLANT_RATE"", 0.67]]",97.55
2026-04-17 17:00:00,401,1,54.32,9.54,135.89,63.94,29.08,54.86,0.7724,False,"[[""KO3201_VIB"", 0.77], [""PLANT_RATE"", 0.38]]",99.23
2026-04-17 18:00:00,402,1,54.13,9.51,138.05,63.6,28.8,56.98,0.5007,False,"[[""PLANT_RATE"", 0.5], [""KO3201_TEMP"", 0.46]]",98.56
2026-04-17 19:00:00,403,1,54.18,9.33,137.04,66.52,28.96,54.91,0.8573,False,"[[""KO3201_DISP"", 0.86], [""PLANT_RATE"", 0.53]]",98.99
2026-04-17 20:00:00,404,1,53.51,9.1,137.82,63.8,28.93,56.6,2.6353,False,"[[""KO3201_DISP"", 2.64], [""KO3201_FEED"", 0.62]]",98.46
2026-04-17 21:00:00,405,1,56.04,9.37,131.36,63.45,28.99,54.79,0.5513,False,"[[""KO3201_TEMP"", 0.55], [""PLANT_RATE"", 0.29]]",100.0
2026-04-17 22:00:00,406,1,55.33,9.71,140.06,65.26,28.99,54.72,0.9154,False,"[[""KO3201_AMP"", 0.92], [""KO3201_VIB"", 0.63]]",97.28
2026-04-17 23:00:00,407,1,54.93,9.68,137.03,65.66,29.22,56.54,1.173,False,"[[""KO3201_VIB"", 1.17], [""KO3201_DISP"", 0.06]]",98.42
2026-04-18 00:00:00,408,1,53.79,9.46,142.53,67.36,28.63,56.95,1.5757,False,"[[""KO3201_AMP"", 1.58], [""KO3201_TEMP"", 1.02]]",97.01
2026-04-18 01:00:00,409,1,55.69,9.35,138.47,65.39,28.47,54.62,0.626,False,"[[""PLANT_RATE"", 0.63], [""KO3201_VIB"", 0.55]]",98.84
2026-04-18 02:00:00,410,1,54.72,9.71,131.68,63.05,28.38,54.97,1.1338,False,"[[""KO3201_VIB"", 1.13], [""KO3201_DISP"", 0.78]]",98.83
2026-04-18 03:00:00,411,1,54.87,9.6,139.89,63.72,28.29,56.33,1.8673,False,"[[""KO3201_VIB"", 1.87], [""KO3201_AMP"", 0.76]]",97.8
2026-04-18 04:00:00,412,1,55.08,9.68,140.72,66.35,28.92,55.01,1.0648,False,"[[""KO3201_AMP"", 1.06], [""KO3201_DISP"", 0.71]]",97.18
2026-04-18 05:00:00,413,1,54.86,9.77,139.46,64.06,28.36,54.81,1.5613,False,"[[""KO3201_DISP"", 1.56], [""KO3201_VIB"", 1.38]]",97.1
2026-04-18 06:00:00,414,1,56.07,9.56,134.03,65.67,28.39,54.89,1.2576,False,"[[""KO3201_VIB"", 1.26], [""PLANT_RATE"", 0.58]]",99.67
2026-04-18 07:00:00,415,1,54.11,9.51,133.56,67.65,28.85,56.37,1.1311,False,"[[""KO3201_TEMP"", 1.13], [""PLANT_RATE"", -0.15]]",99.58
2026-04-18 08:00:00,416,1,54.26,9.39,140.64,62.91,28.72,53.24,2.3996,False,"[[""PLANT_RATE"", 2.4], [""KO3201_TEMP"", 1.0]]",97.82
2026-04-18 09:00:00,417,1,55.15,9.52,132.12,62.85,28.81,57.93,1.2063,False,"[[""PLANT_RATE"", 1.21], [""KO3201_TEMP"", 1.1]]",99.89
2026-04-18 10:00:00,418,1,54.76,9.36,138.74,64.7,28.13,57.76,2.3351,False,"[[""KO3201_VIB"", 2.34], [""PLANT_RATE"", 0.92]]",98.66
2026-04-18 11:00:00,419,1,55.59,9.66,135.77,64.95,28.47,57.4,0.9403,False,"[[""KO3201_DISP"", 0.94], [""KO3201_VIB"", 0.92]]",98.96
2026-04-18 12:00:00,420,1,56.0,9.47,132.59,66.25,28.41,55.82,1.1082,False,"[[""KO3201_VIB"", 1.11], [""KO3201_TEMP"", 0.21]]",100.0
2026-04-18 13:00:00,421,1,56.51,9.73,133.74,62.7,28.78,55.32,1.3914,False,"[[""KO3201_TEMP"", 1.39], [""KO3201_DISP"", 1.11]]",98.84
2026-04-18 14:00:00,422,1,56.04,9.45,133.09,65.85,28.78,56.62,0.3724,False,"[[""KO3201_FEED"", 0.37], [""PLANT_RATE"", 0.01]]",100.0
2026-04-18 15:00:00,423,1,54.68,9.56,137.27,64.64,28.88,54.85,0.0863,False,"[[""PLANT_RATE"", 0.09], [""KO3201_VIB"", 0.06]]",98.79
2026-04-18 16:00:00,424,1,54.81,9.39,132.57,62.57,29.09,58.36,1.5338,False,"[[""PLANT_RATE"", 1.53], [""KO3201_TEMP"", 1.52]]",99.92
2026-04-18 17:00:00,425,1,54.58,9.63,134.9,64.63,29.64,55.39,3.3682,False,"[[""KO3201_VIB"", 3.37], [""KO3201_DISP"", 0.21]]",99.19
2026-04-18 18:00:00,426,1,56.26,9.38,134.28,65.68,28.66,57.32,0.5155,False,"[[""KO3201_FEED"", 0.52], [""PLANT_RATE"", 0.35]]",100.0
2026-04-18 19:00:00,427,1,54.74,9.69,136.8,67.54,28.96,56.91,1.2079,False,"[[""KO3201_TEMP"", 1.21], [""KO3201_DISP"", 0.95]]",98.35
2026-04-18 20:00:00,428,1,54.05,9.58,139.28,64.09,29.01,55.57,0.6451,False,"[[""KO3201_AMP"", 0.65], [""KO3201_FEED"", 0.47]]",97.79
2026-04-18 21:00:00,429,1,53.84,9.23,129.3,65.99,28.76,55.79,1.6312,False,"[[""KO3201_DISP"", 1.63], [""KO3201_AMP"", 0.85]]",99.54
2026-04-18 22:00:00,430,1,55.82,9.3,136.89,63.09,28.54,55.15,0.6922,False,"[[""KO3201_DISP"", 0.69], [""KO3201_VIB"", 0.64]]",99.37
2026-04-18 23:00:00,431,1,54.03,9.54,132.44,66.51,29.0,56.15,0.6832,False,"[[""KO3201_TEMP"", 0.68], [""KO3201_FEED"", 0.19]]",99.43
2026-04-19 00:00:00,432,1,52.08,9.49,134.42,65.12,29.01,56.69,2.391,False,"[[""KO3201_FEED"", 2.39], [""KO3201_VIB"", 0.23]]",98.83
2026-04-19 01:00:00,433,1,55.78,9.79,134.69,67.24,28.93,56.06,1.8916,False,"[[""KO3201_DISP"", 1.89], [""KO3201_TEMP"", 0.98]]",98.54
2026-04-19 02:00:00,434,1,55.36,9.37,141.52,63.07,28.61,55.67,1.7173,False,"[[""KO3201_AMP"", 1.72], [""KO3201_TEMP"", 1.24]]",97.83
2026-04-19 03:00:00,435,1,55.84,9.47,141.29,63.36,28.24,56.07,1.9822,False,"[[""KO3201_VIB"", 1.98], [""KO3201_AMP"", 1.25]]",97.9
2026-04-19 04:00:00,436,1,56.08,9.5,134.27,62.56,28.53,57.38,0.9665,False,"[[""PLANT_RATE"", 0.97], [""KO3201_FEED"", 0.61]]",100.0
2026-04-19 05:00:00,437,1,55.56,9.54,134.26,67.53,29.09,57.02,1.4826,False,"[[""KO3201_TEMP"", 1.48], [""KO3201_VIB"", 0.58]]",99.83
2026-04-19 06:00:00,438,1,55.43,9.75,141.01,64.32,29.08,56.58,1.6026,False,"[[""KO3201_DISP"", 1.6], [""KO3201_AMP"", 0.88]]",96.73
2026-04-19 07:00:00,439,1,55.06,9.49,137.28,62.38,28.54,55.37,1.9626,False,"[[""KO3201_TEMP"", 1.96], [""KO3201_VIB"", 0.76]]",99.24
2026-04-19 08:00:00,440,1,54.14,9.27,142.74,63.92,28.85,55.54,1.7015,False,"[[""KO3201_AMP"", 1.7], [""KO3201_DISP"", 1.04]]",97.07
2026-04-19 09:00:00,441,1,52.67,9.73,132.44,66.19,29.11,56.58,1.5106,False,"[[""KO3201_FEED"", 1.51], [""KO3201_DISP"", 1.2]]",97.91
2026-04-19 10:00:00,442,1,52.84,9.56,139.81,65.9,29.12,55.62,1.4273,False,"[[""KO3201_FEED"", 1.43], [""KO3201_AMP"", 0.74]]",97.22
2026-04-19 11:00:00,443,1,55.41,9.28,133.26,65.6,28.56,55.3,0.7376,False,"[[""KO3201_DISP"", 0.74], [""KO3201_VIB"", 0.3]]",100.0
2026-04-19 12:00:00,444,1,55.88,9.4,123.55,63.08,28.74,57.52,2.5242,False,"[[""KO3201_AMP"", 2.52], [""PLANT_RATE"", 1.25]]",100.0
2026-04-19 13:00:00,445,1,55.04,9.46,138.26,64.73,28.77,56.16,0.296,False,"[[""KO3201_AMP"", 0.3], [""KO3201_VIB"", -0.23]]",98.91
2026-04-19 14:00:00,446,1,54.16,9.52,131.42,62.14,28.52,56.3,1.2785,False,"[[""KO3201_TEMP"", 1.28], [""KO3201_VIB"", 0.83]]",99.56
2026-04-19 15:00:00,447,1,55.71,9.62,138.09,62.82,29.22,55.41,0.9943,False,"[[""KO3201_VIB"", 0.99], [""KO3201_TEMP"", 0.53]]",98.38
2026-04-19 16:00:00,448,1,54.98,9.47,134.02,65.83,28.35,56.35,0.9021,False,"[[""KO3201_VIB"", 0.9], [""KO3201_TEMP"", -0.06]]",99.99
2026-04-19 17:00:00,449,1,55.02,9.43,140.22,66.26,28.89,56.92,0.8902,False,"[[""KO3201_AMP"", 0.89], [""PLANT_RATE"", 0.39]]",98.26
2026-04-19 18:00:00,450,1,54.61,9.36,129.76,64.65,29.05,56.34,0.8991,False,"[[""KO3201_AMP"", 0.9], [""KO3201_VIB"", 0.41]]",99.84
2026-04-19 19:00:00,451,1,53.72,9.48,128.94,62.37,28.9,54.45,1.3624,False,"[[""KO3201_TEMP"", 1.36], [""PLANT_RATE"", 1.11]]",99.49
2026-04-19 20:00:00,452,1,53.9,9.51,141.21,63.6,28.98,55.52,0.729,False,"[[""KO3201_AMP"", 0.73], [""KO3201_FEED"", 0.18]]",97.43
2026-04-19 21:00:00,453,1,55.43,9.57,139.59,64.43,28.23,56.62,1.9327,False,"[[""KO3201_VIB"", 1.93], [""KO3201_AMP"", 0.8]]",98.12
2026-04-19 22:00:00,454,1,56.79,9.18,135.63,67.26,28.8,56.29,2.1096,False,"[[""KO3201_DISP"", 2.11], [""KO3201_FEED"", 1.7]]",99.79
2026-04-19 23:00:00,455,1,56.94,9.37,128.71,64.05,28.87,57.12,1.4247,False,"[[""KO3201_AMP"", 1.42], [""KO3201_FEED"", 1.38]]",100.0
2026-04-20 00:00:00,456,1,54.81,9.57,138.63,62.87,28.86,55.71,1.0459,False,"[[""KO3201_TEMP"", 1.05], [""KO3201_AMP"", 0.41]]",98.36
2026-04-20 01:00:00,457,1,55.5,9.75,145.05,63.27,28.46,55.97,2.2452,False,"[[""KO3201_AMP"", 2.25], [""KO3201_DISP"", 1.35]]",95.41
2026-04-20 02:00:00,458,1,54.91,9.63,133.74,63.73,28.73,57.01,0.4813,False,"[[""KO3201_TEMP"", 0.48], [""PLANT_RATE"", 0.36]]",99.3
2026-04-20 03:00:00,459,1,55.18,9.17,133.61,64.19,28.59,55.98,2.2693,False,"[[""KO3201_DISP"", 2.27], [""KO3201_VIB"", 0.13]]",100.0
2026-04-20 04:00:00,460,1,55.47,9.22,131.82,64.6,29.14,56.96,1.551,False,"[[""KO3201_DISP"", 1.55], [""KO3201_VIB"", 0.72]]",100.0
2026-04-20 05:00:00,461,1,56.01,9.58,136.99,67.85,28.63,54.14,2.2134,False,"[[""KO3201_TEMP"", 2.21], [""PLANT_RATE"", 1.64]]",98.92
2026-04-20 06:00:00,462,1,53.76,9.51,134.87,64.13,28.76,54.99,0.462,False,"[[""KO3201_TEMP"", 0.46], [""PLANT_RATE"", 0.46]]",99.47
2026-04-20 07:00:00,463,1,56.96,9.51,129.02,61.89,28.75,57.02,1.9317,False,"[[""KO3201_TEMP"", 1.93], [""KO3201_FEED"", 1.5]]",99.95
2026-04-20 08:00:00,464,1,54.88,9.79,132.25,66.44,28.74,56.9,1.4837,False,"[[""KO3201_DISP"", 1.48], [""KO3201_TEMP"", 1.01]]",98.5
2026-04-20 09:00:00,465,1,53.94,9.35,138.95,63.85,29.22,56.85,0.7987,False,"[[""KO3201_VIB"", 0.8], [""KO3201_AMP"", 0.67]]",98.26
2026-04-20 10:00:00,466,1,57.56,9.68,130.6,63.86,29.16,57.01,1.6629,False,"[[""KO3201_FEED"", 1.66], [""KO3201_DISP"", 0.96]]",99.11
2026-04-20 11:00:00,467,1,54.04,9.52,136.13,64.15,28.89,57.02,0.5158,False,"[[""KO3201_FEED"", 0.52], [""PLANT_RATE"", 0.32]]",99.15
2026-04-20 12:00:00,468,1,54.98,9.41,139.22,65.42,28.71,54.82,0.5987,False,"[[""KO3201_AMP"", 0.6], [""PLANT_RATE"", 0.51]]",98.58
2026-04-20 13:00:00,469,1,54.21,9.2,138.12,65.16,28.69,57.74,1.5754,False,"[[""KO3201_DISP"", 1.58], [""PLANT_RATE"", 1.26]]",98.64
2026-04-20 14:00:00,470,1,56.32,9.33,127.95,65.64,28.33,56.95,1.1984,False,"[[""KO3201_AMP"", 1.2], [""KO3201_VIB"", 1.13]]",100.0
2026-04-20 15:00:00,471,1,52.07,9.72,137.4,64.48,28.82,54.75,2.1699,False,"[[""KO3201_FEED"", 2.17], [""KO3201_DISP"", 1.48]]",96.91
2026-04-20 16:00:00,472,1,55.39,9.51,130.61,65.05,28.88,54.6,0.3756,False,"[[""PLANT_RATE"", 0.38], [""KO3201_AMP"", 0.26]]",99.93
2026-04-20 17:00:00,473,1,53.27,9.62,126.99,63.4,28.75,56.45,1.5805,False,"[[""KO3201_AMP"", 1.58], [""KO3201_FEED"", 1.1]]",98.71
2026-04-20 18:00:00,474,1,56.73,9.59,136.26,63.42,28.57,55.28,1.1724,False,"[[""KO3201_FEED"", 1.17], [""KO3201_TEMP"", 0.47]]",99.15
2026-04-20 19:00:00,475,1,57.32,9.48,128.52,64.08,29.09,56.56,1.7658,False,"[[""KO3201_FEED"", 1.77], [""KO3201_AMP"", 0.95]]",100.0
2026-04-20 20:00:00,476,1,55.96,9.62,134.07,64.31,28.99,55.69,0.4386,False,"[[""KO3201_DISP"", 0.44], [""KO3201_VIB"", 0.35]]",99.38
2026-04-20 21:00:00,477,1,54.16,9.55,139.97,62.49,28.84,54.39,1.5346,False,"[[""KO3201_TEMP"", 1.53], [""PLANT_RATE"", 1.44]]",97.77
2026-04-20 22:00:00,478,1,56.3,9.47,137.23,63.21,29.19,55.1,1.2004,False,"[[""KO3201_VIB"", 1.2], [""KO3201_TEMP"", 0.82]]",99.26
2026-04-20 23:00:00,479,1,57.43,9.45,134.46,66.74,28.86,55.6,1.8776,False,"[[""KO3201_FEED"", 1.88], [""KO3201_TEMP"", 0.82]]",100.0
2026-04-21 00:00:00,480,1,55.3,9.39,138.73,66.64,29.25,55.99,1.3481,False,"[[""KO3201_VIB"", 1.35], [""KO3201_AMP"", 0.42]]",98.76
2026-04-21 01:00:00,481,1,54.61,9.54,135.23,67.31,28.75,56.86,1.0054,False,"[[""KO3201_TEMP"", 1.01], [""PLANT_RATE"", 0.31]]",99.55
2026-04-21 02:00:00,482,1,56.63,9.47,138.19,66.62,28.84,55.29,0.7918,False,"[[""KO3201_FEED"", 0.79], [""PLANT_RATE"", 0.23]]",98.94
2026-04-21 03:00:00,483,1,53.55,9.66,139.5,66.24,28.65,56.51,0.6288,False,"[[""KO3201_DISP"", 0.63], [""KO3201_FEED"", 0.6]]",97.1
2026-04-21 04:00:00,484,1,54.7,9.46,130.98,67.46,29.03,55.76,1.04,False,"[[""KO3201_TEMP"", 1.04], [""KO3201_AMP"", 0.25]]",99.88
2026-04-21 05:00:00,485,1,54.96,9.37,141.6,65.89,28.68,55.87,1.0937,False,"[[""KO3201_AMP"", 1.09], [""KO3201_DISP"", 0.2]]",97.78
2026-04-21 06:00:00,486,1,55.15,9.23,134.43,64.49,28.9,53.51,2.1309,False,"[[""PLANT_RATE"", 2.13], [""KO3201_DISP"", 1.78]]",100.0
2026-04-21 07:00:00,487,1,56.23,9.61,135.23,64.54,28.83,55.46,0.8162,False,"[[""KO3201_FEED"", 0.82], [""KO3201_DISP"", 0.52]]",99.36
2026-04-21 08:00:00,488,1,54.85,9.87,135.71,65.44,28.62,54.44,2.7848,False,"[[""KO3201_DISP"", 2.78], [""PLANT_RATE"", 0.69]]",97.87
2026-04-21 09:00:00,489,1,53.8,9.5,133.84,65.59,29.35,56.73,1.5601,False,"[[""KO3201_VIB"", 1.56], [""KO3201_FEED"", 0.07]]",99.52
2026-04-21 10:00:00,490,1,53.47,9.18,133.19,64.76,29.07,57.17,2.1239,False,"[[""KO3201_DISP"", 2.12], [""KO3201_FEED"", 0.92]]",99.39
2026-04-21 11:00:00,491,1,54.85,9.64,137.1,64.49,28.74,56.47,0.2369,False,"[[""KO3201_DISP"", 0.24], [""KO3201_AMP"", -0.22]]",98.56
2026-04-21 12:00:00,492,1,55.53,9.4,132.52,64.91,29.01,58.24,1.812,False,"[[""PLANT_RATE"", 1.81], [""KO3201_VIB"", 0.23]]",100.0
2026-04-21 13:00:00,493,1,56.08,9.6,136.85,63.82,28.89,56.28,0.2129,False,"[[""KO3201_FEED"", 0.21], [""KO3201_DISP"", 0.11]]",98.87
2026-04-21 14:00:00,494,1,55.7,9.55,137.9,68.23,28.69,56.91,2.2095,False,"[[""KO3201_TEMP"", 2.21], [""KO3201_FEED"", 0.09]]",98.76
2026-04-21 15:00:00,495,1,53.5,9.61,132.66,65.73,29.26,55.63,1.7042,False,"[[""KO3201_VIB"", 1.7], [""KO3201_FEED"", 1.06]]",98.87
2026-04-21 16:00:00,496,1,55.64,9.52,133.64,62.09,29.01,56.39,2.072,False,"[[""KO3201_TEMP"", 2.07], [""KO3201_VIB"", 0.32]]",99.91
2026-04-21 17:00:00,497,1,54.28,9.46,137.06,66.26,28.96,54.9,0.6178,False,"[[""KO3201_TEMP"", 0.62], [""PLANT_RATE"", 0.49]]",99.03
2026-04-21 18:00:00,498,1,56.45,9.66,134.82,63.8,28.93,55.68,0.9094,False,"[[""KO3201_FEED"", 0.91], [""KO3201_DISP"", 0.76]]",99.21
2026-04-21 19:00:00,499,1,54.68,9.46,137.46,64.67,28.97,57.12,0.4057,False,"[[""PLANT_RATE"", 0.41], [""KO3201_AMP"", -0.03]]",99.05
2026-04-21 20:00:00,500,1,54.7,9.67,134.7,65.01,29.0,55.99,1.012,False,"[[""KO3201_DISP"", 1.01], [""KO3201_VIB"", 0.29]]",99.02
2026-04-21 21:00:00,501,1,54.4,9.41,133.61,66.29,28.87,55.64,0.1898,False,"[[""KO3201_TEMP"", 0.19], [""KO3201_FEED"", -0.14]]",99.76
2026-04-21 22:00:00,502,1,56.09,9.52,134.06,64.94,28.86,55.88,0.4736,False,"[[""KO3201_FEED"", 0.47], [""KO3201_VIB"", -0.48]]",99.89
2026-04-21 23:00:00,503,1,54.89,9.39,136.18,65.41,28.84,56.54,-0.1258,False,"[[""KO3201_DISP"", -0.13], [""PLANT_RATE"", -0.22]]",99.56
2026-04-22 00:00:00,504,1,58.04,9.64,139.63,64.81,28.43,57.48,2.6565,False,"[[""KO3201_FEED"", 2.66], [""PLANT_RATE"", 1.04]]",97.77
2026-04-22 01:00:00,505,1,56.3,9.4,128.21,68.37,28.76,54.38,1.8772,False,"[[""KO3201_TEMP"", 1.88], [""KO3201_AMP"", 1.4]]",100.0
2026-04-22 02:00:00,506,1,53.73,9.38,133.0,64.94,29.11,55.98,0.7361,False,"[[""KO3201_VIB"", 0.74], [""KO3201_FEED"", 0.57]]",99.49
2026-04-22 03:00:00,507,1,54.98,9.64,133.37,63.71,29.19,55.85,1.0163,False,"[[""KO3201_VIB"", 1.02], [""KO3201_DISP"", 0.72]]",99.29
2026-04-22 04:00:00,508,1,56.17,9.55,131.75,63.11,28.86,55.74,0.8577,False,"[[""KO3201_AMP"", 0.86], [""KO3201_TEMP"", 0.58]]",99.75
2026-04-22 05:00:00,509,1,55.89,9.49,133.03,65.02,28.61,55.97,0.6568,False,"[[""KO3201_FEED"", 0.66], [""KO3201_VIB"", 0.39]]",100.0
2026-04-22 06:00:00,510,1,55.69,9.36,139.61,64.35,29.06,56.56,0.4894,False,"[[""KO3201_AMP"", 0.49], [""KO3201_DISP"", 0.42]]",98.46
2026-04-22 07:00:00,511,1,55.29,9.49,138.99,65.26,28.61,57.26,0.6236,False,"[[""PLANT_RATE"", 0.62], [""KO3201_AMP"", 0.33]]",98.67
2026-04-22 08:00:00,512,1,53.32,9.56,132.54,65.64,28.55,54.13,1.5352,False,"[[""PLANT_RATE"", 1.54], [""KO3201_FEED"", 1.01]]",99.04
2026-04-22 09:00:00,513,1,53.37,9.6,129.17,63.32,28.46,54.71,1.0057,False,"[[""PLANT_RATE"", 1.01], [""KO3201_TEMP"", 0.93]]",98.86
2026-04-22 10:00:00,514,1,55.91,9.4,136.59,65.11,28.3,56.12,1.4161,False,"[[""KO3201_VIB"", 1.42], [""KO3201_FEED"", 0.23]]",99.47
2026-04-22 11:00:00,515,1,54.33,9.57,136.85,63.95,29.27,54.42,1.5907,False,"[[""KO3201_VIB"", 1.59], [""PLANT_RATE"", 1.01]]",98.75
2026-04-22 12:00:00,516,1,55.04,9.22,130.22,63.99,28.82,56.49,1.5428,False,"[[""KO3201_DISP"", 1.54], [""KO3201_AMP"", 0.48]]",100.0
2026-04-22 13:00:00,517,1,55.72,9.51,135.74,63.63,28.1,55.07,2.3209,False,"[[""KO3201_VIB"", 2.32], [""PLANT_RATE"", 0.3]]",99.71
2026-04-22 14:00:00,518,1,52.94,9.37,136.63,64.65,28.6,55.84,1.6286,False,"[[""KO3201_FEED"", 1.63], [""KO3201_DISP"", 0.21]]",98.63
2026-04-22 15:00:00,519,1,52.94,9.6,137.58,63.97,28.38,54.73,1.4151,False,"[[""KO3201_FEED"", 1.42], [""KO3201_VIB"", 0.9]]",97.8
2026-04-22 16:00:00,520,1,55.61,9.44,132.93,63.99,29.02,55.0,0.3969,False,"[[""PLANT_RATE"", 0.4], [""KO3201_VIB"", 0.25]]",100.0
2026-04-22 17:00:00,521,1,54.38,9.84,136.95,64.49,28.64,58.94,3.0619,False,"[[""PLANT_RATE"", 3.06], [""KO3201_DISP"", 1.78]]",97.42
2026-04-22 18:00:00,522,1,54.64,9.52,134.29,63.12,28.61,55.62,1.0335,False,"[[""KO3201_TEMP"", 1.03], [""KO3201_VIB"", -0.15]]",99.74
2026-04-22 19:00:00,523,1,56.27,9.55,138.34,66.92,28.96,57.54,0.6276,False,"[[""KO3201_TEMP"", 0.63], [""KO3201_FEED"", 0.34]]",98.66
2026-04-22 20:00:00,524,1,54.72,9.17,135.94,65.92,29.2,55.93,1.9534,False,"[[""KO3201_DISP"", 1.95], [""KO3201_VIB"", 1.44]]",99.58
2026-04-22 21:00:00,525,1,54.95,9.3,137.44,64.45,28.61,56.67,0.3345,False,"[[""KO3201_DISP"", 0.33], [""KO3201_VIB"", 0.12]]",99.17
2026-04-22 22:00:00,526,1,55.34,9.65,135.0,65.44,28.78,55.11,0.7801,False,"[[""KO3201_DISP"", 0.78], [""PLANT_RATE"", 0.51]]",99.26
2026-04-22 23:00:00,527,1,53.11,9.4,133.94,63.64,28.55,56.52,1.3114,False,"[[""KO3201_FEED"", 1.31], [""KO3201_DISP"", 0.56]]",99.25
2026-04-23 00:00:00,528,1,56.93,9.66,135.87,65.15,29.03,55.41,1.6543,False,"[[""KO3201_FEED"", 1.65], [""KO3201_DISP"", 0.88]]",98.91
2026-04-23 01:00:00,529,1,55.46,9.39,138.38,62.79,28.86,52.88,3.0206,False,"[[""PLANT_RATE"", 3.02], [""KO3201_TEMP"", 1.18]]",98.87
2026-04-23 02:00:00,530,1,54.41,9.59,133.47,64.91,28.83,53.11,2.7571,False,"[[""PLANT_RATE"", 2.76], [""KO3201_DISP"", -0.08]]",99.33
2026-04-23 03:00:00,531,1,56.26,9.38,136.37,65.17,28.59,55.84,0.5232,False,"[[""KO3201_FEED"", 0.52], [""KO3201_DISP"", -0.04]]",99.54
2026-04-23 04:00:00,532,1,53.99,9.56,144.66,64.46,29.16,56.69,1.9451,False,"[[""KO3201_AMP"", 1.95], [""KO3201_VIB"", 1.1]]",96.07
2026-04-23 05:00:00,533,1,54.25,9.6,132.39,66.06,28.72,55.12,0.2248,False,"[[""KO3201_DISP"", 0.22], [""KO3201_TEMP"", 0.06]]",99.22
2026-04-23 06:00:00,534,1,53.66,9.63,129.7,63.83,29.09,54.81,1.3916,False,"[[""KO3201_FEED"", 1.39], [""KO3201_VIB"", 1.06]]",98.81
2026-04-23 07:00:00,535,1,54.76,9.39,131.18,65.18,29.1,55.34,0.8115,False,"[[""KO3201_VIB"", 0.81], [""KO3201_AMP"", 0.72]]",99.9
2026-04-23 08:00:00,536,1,54.19,9.31,133.81,65.8,28.51,57.75,1.575,False,"[[""PLANT_RATE"", 1.58], [""KO3201_DISP"", 0.72]]",99.68
2026-04-23 09:00:00,537,1,55.3,9.58,134.95,65.76,28.75,53.96,1.9963,False,"[[""PLANT_RATE"", 2.0], [""KO3201_DISP"", 0.18]]",99.6
2026-04-23 10:00:00,538,1,54.27,9.53,126.09,64.96,28.86,56.67,1.9916,False,"[[""KO3201_AMP"", 1.99], [""KO3201_FEED"", 0.1]]",99.56
2026-04-23 11:00:00,539,1,55.29,9.6,127.08,67.4,28.53,57.21,1.8699,False,"[[""KO3201_AMP"", 1.87], [""KO3201_TEMP"", 1.08]]",99.52
2026-04-23 12:00:00,540,1,55.49,9.32,138.05,66.14,28.77,54.48,1.105,False,"[[""PLANT_RATE"", 1.11], [""KO3201_AMP"", 0.89]]",98.98
2026-04-23 13:00:00,541,1,55.44,9.61,129.37,65.94,28.87,54.94,0.2799,False,"[[""PLANT_RATE"", 0.28], [""KO3201_DISP"", 0.26]]",99.47
2026-04-23 14:00:00,542,1,55.42,9.47,137.65,63.95,28.39,55.52,1.312,False,"[[""KO3201_VIB"", 1.31], [""KO3201_TEMP"", 0.36]]",99.12
2026-04-23 15:00:00,543,1,55.1,9.34,139.81,65.11,28.72,55.22,0.546,False,"[[""KO3201_DISP"", 0.55], [""KO3201_AMP"", 0.26]]",98.4
2026-04-23 16:00:00,544,1,54.1,9.43,122.76,64.22,28.87,56.99,2.9483,False,"[[""KO3201_AMP"", 2.95], [""PLANT_RATE"", 0.38]]",99.64
2026-04-23 17:00:00,545,1,52.82,9.63,137.15,67.96,28.68,56.04,1.8737,False,"[[""KO3201_TEMP"", 1.87], [""KO3201_FEED"", 1.55]]",97.75
2026-04-23 18:00:00,546,1,55.39,9.52,135.1,65.54,28.65,55.38,0.2609,False,"[[""PLANT_RATE"", 0.26], [""KO3201_FEED"", -0.15]]",99.85
2026-04-23 19:00:00,547,1,53.46,9.52,133.61,63.9,28.45,56.35,0.7702,False,"[[""KO3201_FEED"", 0.77], [""KO3201_VIB"", 0.75]]",99.28
2026-04-23 20:00:00,548,1,55.38,9.51,136.48,66.24,28.8,57.28,0.5309,False,"[[""PLANT_RATE"", 0.53], [""KO3201_TEMP"", 0.46]]",99.45
2026-04-23 21:00:00,549,1,54.95,9.44,134.73,66.59,28.84,55.55,0.5486,False,"[[""KO3201_TEMP"", 0.55], [""KO3201_DISP"", -0.38]]",99.98
2026-04-23 22:00:00,550,1,54.95,9.68,137.1,64.17,28.77,55.06,0.8972,False,"[[""KO3201_DISP"", 0.9], [""PLANT_RATE"", 0.52]]",98.39
2026-04-23 23:00:00,551,1,55.01,9.5,142.25,65.25,29.13,56.97,1.307,False,"[[""KO3201_AMP"", 1.31], [""KO3201_VIB"", 0.76]]",97.57
2026-04-24 00:00:00,552,1,55.63,9.29,136.17,68.61,28.8,57.85,2.1403,False,"[[""KO3201_TEMP"", 2.14], [""PLANT_RATE"", 1.5]]",99.61
2026-04-24 01:00:00,553,1,53.93,9.29,130.13,65.06,28.69,57.66,1.2412,False,"[[""PLANT_RATE"", 1.24], [""KO3201_DISP"", 0.89]]",99.57
2026-04-24 02:00:00,554,1,55.35,9.42,140.49,65.51,29.23,56.85,1.0023,False,"[[""KO3201_AMP"", 1.0], [""KO3201_VIB"", 0.95]]",98.17
2026-04-24 03:00:00,555,1,56.19,9.44,139.41,69.52,28.97,55.8,2.9891,False,"[[""KO3201_TEMP"", 2.99], [""KO3201_AMP"", 0.48]]",98.53
2026-04-24 04:00:00,556,1,55.87,9.61,140.71,64.99,29.07,56.88,0.8911,False,"[[""KO3201_AMP"", 0.89], [""KO3201_VIB"", 0.75]]",97.57
2026-04-24 05:00:00,557,1,56.22,9.12,136.51,63.29,29.12,56.62,2.7547,False,"[[""KO3201_DISP"", 2.75], [""KO3201_TEMP"", 1.0]]",99.5
2026-04-24 06:00:00,558,1,54.7,9.61,138.51,63.63,28.67,56.69,0.2593,False,"[[""KO3201_TEMP"", 0.26], [""PLANT_RATE"", 0.2]]",98.15
2026-04-24 07:00:00,559,1,54.91,9.67,142.8,65.2,28.56,55.98,1.3947,False,"[[""KO3201_AMP"", 1.39], [""KO3201_DISP"", 0.9]]",96.5
2026-04-24 08:00:00,560,1,57.06,9.43,134.72,66.13,29.21,57.15,1.5206,False,"[[""KO3201_FEED"", 1.52], [""KO3201_VIB"", 0.97]]",100.0
2026-04-24 09:00:00,561,1,55.56,9.68,132.55,63.73,28.32,56.99,1.3254,False,"[[""KO3201_VIB"", 1.33], [""KO3201_DISP"", 1.1]]",99.08
2026-04-24 10:00:00,562,1,55.29,9.4,140.73,62.04,28.67,54.66,1.4163,False,"[[""KO3201_TEMP"", 1.42], [""KO3201_AMP"", 1.02]]",98.09
2026-04-24 11:00:00,563,1,56.1,9.48,133.65,65.82,29.2,56.81,0.4552,False,"[[""KO3201_VIB"", 0.46], [""KO3201_FEED"", 0.43]]",100.0
2026-04-24 12:00:00,564,1,54.04,9.43,139.56,64.69,28.63,54.96,0.6639,False,"[[""KO3201_AMP"", 0.66], [""KO3201_FEED"", 0.62]]",98.1
2026-04-24 13:00:00,565,1,54.86,9.74,132.91,64.27,28.98,56.17,1.6298,False,"[[""KO3201_DISP"", 1.63], [""KO3201_TEMP"", -0.08]]",98.76
2026-04-24 14:00:00,566,1,55.49,9.67,133.14,63.71,28.6,55.89,0.9444,False,"[[""KO3201_DISP"", 0.94], [""KO3201_TEMP"", 0.33]]",99.15
2026-04-24 15:00:00,567,1,54.94,9.66,136.21,66.61,29.39,56.58,1.6717,False,"[[""KO3201_VIB"", 1.67], [""KO3201_DISP"", 0.49]]",98.76
2026-04-24 16:00:00,568,1,56.66,9.33,136.3,64.75,28.78,55.51,1.2835,False,"[[""KO3201_FEED"", 1.28], [""KO3201_DISP"", 0.81]]",99.57
2026-04-24 17:00:00,569,1,55.48,9.51,132.01,63.09,29.0,55.66,0.8785,False,"[[""KO3201_TEMP"", 0.88], [""KO3201_VIB"", 0.17]]",99.93
2026-04-24 18:00:00,570,1,55.97,9.33,141.49,63.54,28.47,55.5,1.2352,False,"[[""KO3201_AMP"", 1.24], [""KO3201_DISP"", 0.52]]",97.84
2026-04-24 19:00:00,571,1,54.1,9.52,133.36,64.33,28.98,55.52,0.1164,False,"[[""KO3201_FEED"", 0.12], [""KO3201_VIB"", -0.18]]",99.52
2026-04-24 20:00:00,572,1,54.99,9.58,137.84,62.87,28.97,54.51,0.8671,False,"[[""PLANT_RATE"", 0.87], [""KO3201_AMP"", 0.32]]",98.63
2026-04-24 21:00:00,573,1,54.97,9.7,131.46,64.24,28.69,56.63,1.0638,False,"[[""KO3201_DISP"", 1.06], [""KO3201_AMP"", 0.43]]",98.97
2026-04-24 22:00:00,574,1,55.57,9.48,132.66,66.65,28.97,55.43,0.4469,False,"[[""KO3201_VIB"", 0.45], [""KO3201_TEMP"", 0.41]]",100.0
2026-04-24 23:00:00,575,1,55.54,9.54,132.81,66.22,28.75,56.44,0.1343,False,"[[""KO3201_FEED"", 0.13], [""KO3201_AMP"", -0.12]]",99.83
2026-04-25 00:00:00,576,1,55.0,9.48,135.7,66.44,28.9,56.05,0.0326,False,"[[""KO3201_TEMP"", 0.03], [""KO3201_VIB"", -0.19]]",99.77
2026-04-25 01:00:00,577,1,55.64,9.34,135.7,66.41,28.68,56.52,0.5248,False,"[[""KO3201_DISP"", 0.52], [""KO3201_TEMP"", 0.02]]",99.77
2026-04-25 02:00:00,578,1,57.3,9.75,135.92,65.21,28.69,56.7,1.9502,False,"[[""KO3201_FEED"", 1.95], [""KO3201_DISP"", 1.45]]",98.46
2026-04-25 03:00:00,579,1,55.04,9.56,135.14,65.53,28.5,54.65,0.9056,False,"[[""KO3201_VIB"", 0.91], [""PLANT_RATE"", 0.87]]",99.66
2026-04-25 04:00:00,580,1,54.29,9.72,138.72,62.47,28.91,55.94,1.5748,False,"[[""KO3201_TEMP"", 1.57], [""KO3201_DISP"", 1.36]]",97.4
2026-04-25 05:00:00,581,1,56.33,9.63,138.67,66.09,28.75,56.28,0.7426,False,"[[""KO3201_FEED"", 0.74], [""KO3201_DISP"", 0.42]]",98.15
2026-04-25 06:00:00,582,1,56.64,9.31,133.36,65.9,28.63,55.31,1.1063,False,"[[""KO3201_DISP"", 1.11], [""KO3201_FEED"", 0.9]]",100.0
2026-04-25 07:00:00,583,1,55.21,9.41,135.64,65.34,29.21,55.36,1.1348,False,"[[""KO3201_VIB"", 1.13], [""KO3201_DISP"", -0.23]]",99.79
2026-04-25 08:00:00,584,1,56.07,9.6,136.89,65.32,28.81,56.48,0.4611,False,"[[""KO3201_FEED"", 0.46], [""KO3201_DISP"", -0.04]]",98.86
2026-04-25 09:00:00,585,1,52.77,9.63,137.93,63.43,28.77,57.46,1.6325,False,"[[""KO3201_FEED"", 1.63], [""PLANT_RATE"", 0.87]]",97.49
2026-04-25 10:00:00,586,1,55.53,9.6,137.11,64.3,28.62,56.67,0.32,False,"[[""KO3201_VIB"", 0.32], [""KO3201_DISP"", 0.12]]",98.78
2026-04-25 11:00:00,587,1,54.81,9.5,133.77,62.71,29.03,56.84,1.4286,False,"[[""KO3201_TEMP"", 1.43], [""KO3201_VIB"", 0.24]]",99.92
2026-04-25 12:00:00,588,1,57.43,9.63,133.82,64.29,28.84,56.42,1.8994,False,"[[""KO3201_FEED"", 1.9], [""KO3201_DISP"", 0.26]]",99.36
2026-04-25 13:00:00,589,1,55.26,9.35,135.38,64.62,28.6,58.16,1.9921,False,"[[""PLANT_RATE"", 1.99], [""KO3201_DISP"", 0.11]]",99.87
2026-04-25 14:00:00,590,1,57.03,9.46,137.04,64.05,28.74,56.13,1.3351,False,"[[""KO3201_FEED"", 1.34], [""KO3201_TEMP"", 0.11]]",99.32
2026-04-25 15:00:00,591,1,54.81,9.33,130.92,66.68,28.95,57.07,0.9356,False,"[[""KO3201_TEMP"", 0.94], [""KO3201_AMP"", 0.46]]",99.93
2026-04-25 16:00:00,592,1,54.71,9.65,131.19,63.78,28.83,59.76,3.7453,False,"[[""PLANT_RATE"", 3.75], [""KO3201_DISP"", 0.85]]",99.14
2026-04-25 17:00:00,593,1,54.43,9.56,133.52,65.47,29.09,56.49,0.5921,False,"[[""KO3201_VIB"", 0.59], [""KO3201_FEED"", 0.28]]",99.49
2026-04-25 18:00:00,594,1,53.73,9.61,135.44,65.29,29.06,56.07,0.6925,False,"[[""KO3201_FEED"", 0.69], [""KO3201_VIB"", 0.65]]",98.82
2026-04-25 19:00:00,595,1,54.39,9.46,132.52,64.74,29.35,54.39,1.9266,False,"[[""KO3201_VIB"", 1.93], [""PLANT_RATE"", 1.26]]",99.76
2026-04-25 20:00:00,596,1,56.23,9.12,133.38,65.8,28.64,54.33,2.6363,False,"[[""KO3201_DISP"", 2.64], [""PLANT_RATE"", 1.27]]",100.0
2026-04-25 21:00:00,597,1,53.34,9.38,131.9,65.56,28.79,58.41,1.0416,False,"[[""PLANT_RATE"", 1.04], [""KO3201_FEED"", 1.01]]",99.34
2026-04-25 22:00:00,598,1,55.12,9.52,137.1,64.44,28.74,56.15,-0.0895,False,"[[""KO3201_AMP"", -0.09], [""KO3201_FEED"", -0.28]]",99.19
2026-04-25 23:00:00,599,1,56.24,9.51,127.24,66.9,28.74,55.1,1.5991,False,"[[""KO3201_AMP"", 1.6], [""KO3201_TEMP"", 0.76]]",99.96
2026-04-26 00:00:00,600,1,55.3,9.64,135.03,64.79,28.82,55.55,0.3629,False,"[[""KO3201_DISP"", 0.36], [""PLANT_RATE"", -0.34]]",99.3
2026-04-26 01:00:00,601,1,55.59,9.67,132.45,65.9,28.72,54.87,1.2245,False,"[[""PLANT_RATE"", 1.22], [""KO3201_DISP"", 0.48]]",99.16
2026-04-26 02:00:00,602,1,55.4,9.42,135.17,63.5,29.03,56.07,0.8185,False,"[[""KO3201_TEMP"", 0.82], [""KO3201_VIB"", 0.23]]",99.94
2026-04-26 03:00:00,603,1,55.59,9.62,135.8,63.67,28.5,55.38,0.8239,False,"[[""KO3201_VIB"", 0.82], [""KO3201_DISP"", 0.37]]",99.14
2026-04-26 04:00:00,604,1,52.92,9.24,123.27,65.25,28.82,56.72,2.7398,False,"[[""KO3201_AMP"", 2.74], [""KO3201_DISP"", 1.31]]",99.17
2026-04-26 05:00:00,605,1,56.66,9.6,139.46,68.35,28.96,57.72,2.2883,False,"[[""KO3201_TEMP"", 2.29], [""PLANT_RATE"", 1.48]]",98.01
2026-04-26 06:00:00,606,1,55.42,9.18,137.91,63.16,29.05,56.62,1.6932,False,"[[""KO3201_DISP"", 1.69], [""KO3201_TEMP"", 1.28]]",99.03
2026-04-26 07:00:00,607,1,54.42,9.57,141.27,63.27,28.8,56.14,1.0322,False,"[[""KO3201_TEMP"", 1.03], [""KO3201_AMP"", 0.96]]",97.3
2026-04-26 08:00:00,608,1,54.7,9.16,138.14,63.89,28.88,56.12,2.0416,False,"[[""KO3201_DISP"", 2.04], [""KO3201_VIB"", 0.02]]",98.83
2026-04-26 09:00:00,609,1,54.87,9.57,138.65,64.36,28.82,57.59,1.3148,False,"[[""PLANT_RATE"", 1.31], [""KO3201_TEMP"", 0.06]]",98.36
2026-04-26 10:00:00,610,1,55.77,9.74,137.22,65.09,28.93,54.65,1.6559,False,"[[""KO3201_DISP"", 1.66], [""PLANT_RATE"", 0.71]]",98.06
2026-04-26 11:00:00,611,1,53.74,9.48,141.33,66.51,28.76,55.05,1.2801,False,"[[""KO3201_AMP"", 1.28], [""PLANT_RATE"", 0.82]]",97.38
2026-04-26 12:00:00,612,1,53.65,9.6,129.82,64.76,28.98,55.49,0.6593,False,"[[""KO3201_FEED"", 0.66], [""KO3201_AMP"", 0.59]]",98.94
2026-04-26 13:00:00,613,1,53.59,9.67,134.68,65.86,29.14,54.79,1.0331,False,"[[""KO3201_VIB"", 1.03], [""KO3201_DISP"", 0.77]]",98.6
2026-04-26 14:00:00,614,1,56.01,9.1,131.45,65.04,29.32,56.64,3.01,False,"[[""KO3201_DISP"", 3.01], [""KO3201_VIB"", 1.82]]",100.0
2026-04-26 15:00:00,615,1,54.03,9.21,138.52,64.18,28.72,55.68,1.4523,False,"[[""KO3201_DISP"", 1.45], [""KO3201_AMP"", 0.43]]",98.44
2026-04-26 16:00:00,616,1,55.17,9.5,136.09,64.3,29.02,55.05,0.7347,False,"[[""PLANT_RATE"", 0.73], [""KO3201_VIB"", 0.21]]",99.62
2026-04-26 17:00:00,617,1,53.78,9.34,141.48,65.72,28.87,56.69,1.5255,False,"[[""KO3201_DISP"", 1.53], [""KO3201_AMP"", 0.98]]",97.35
2026-04-26 18:00:00,618,1,54.96,9.44,135.64,65.27,28.91,56.0,-0.1407,False,"[[""KO3201_TEMP"", -0.14], [""KO3201_VIB"", -0.27]]",99.77
2026-04-26 19:00:00,619,1,54.49,9.91,134.39,66.93,28.7,56.54,2.7461,False,"[[""KO3201_DISP"", 2.75], [""KO3201_TEMP"", 0.7]]",97.75
2026-04-26 20:00:00,620,1,54.23,9.78,134.4,65.3,28.84,56.09,1.56,False,"[[""KO3201_DISP"", 1.56], [""KO3201_FEED"", -0.1]]",98.29
2026-04-26 21:00:00,621,1,56.26,9.6,132.14,64.84,28.95,55.52,0.7975,False,"[[""KO3201_FEED"", 0.8], [""KO3201_DISP"", 0.1]]",99.51
2026-04-26 22:00:00,622,1,55.14,9.4,127.06,63.36,28.81,54.94,1.4662,False,"[[""KO3201_AMP"", 1.47], [""KO3201_TEMP"", 0.5]]",100.0
2026-04-26 23:00:00,623,1,53.99,9.58,134.94,63.91,28.71,56.6,0.0765,False,"[[""KO3201_TEMP"", 0.08], [""KO3201_VIB"", 0.01]]",99.18
2026-04-27 00:00:00,624,1,57.66,9.56,133.37,65.55,29.11,55.09,2.1997,False,"[[""KO3201_FEED"", 2.2], [""KO3201_VIB"", 0.61]]",99.72
2026-04-27 01:00:00,625,1,54.01,9.48,133.31,65.48,28.84,57.22,0.4962,False,"[[""PLANT_RATE"", 0.5], [""KO3201_FEED"", 0.02]]",99.6
2026-04-27 02:00:00,626,1,53.76,9.75,130.56,67.42,28.75,56.37,1.5969,False,"[[""KO3201_DISP"", 1.6], [""KO3201_TEMP"", 1.28]]",98.24
2026-04-27 03:00:00,627,1,53.2,9.21,135.44,64.12,28.81,56.06,1.4836,False,"[[""KO3201_DISP"", 1.48], [""KO3201_FEED"", 1.05]]",99.13
2026-04-27 04:00:00,628,1,56.8,9.74,130.96,65.96,28.76,55.21,1.9535,False,"[[""KO3201_DISP"", 1.95], [""KO3201_FEED"", 1.45]]",98.79
2026-04-27 05:00:00,629,1,55.26,9.44,136.13,64.92,28.62,57.89,1.306,False,"[[""PLANT_RATE"", 1.31], [""KO3201_VIB"", 0.24]]",99.62
2026-04-27 06:00:00,630,1,55.41,9.7,134.13,62.03,28.94,55.81,1.847,False,"[[""KO3201_TEMP"", 1.85], [""KO3201_DISP"", 0.9]]",98.99
2026-04-27 07:00:00,631,1,56.24,9.48,133.79,63.36,29.06,56.69,0.7051,False,"[[""KO3201_FEED"", 0.71], [""KO3201_VIB"", 0.46]]",100.0
2026-04-27 08:00:00,632,1,55.18,9.42,128.82,65.41,29.75,55.4,3.7195,False,"[[""KO3201_VIB"", 3.72], [""KO3201_AMP"", 1.09]]",100.0
2026-04-27 09:00:00,633,1,55.83,9.4,136.36,64.52,31.24,57.36,10.7188,True,"[[""KO3201_VIB"", 10.72], [""PLANT_RATE"", 0.69]]",98.58
2026-04-27 10:00:00,634,1,56.88,9.54,138.47,64.07,31.85,56.57,13.8475,True,"[[""KO3201_VIB"", 13.85], [""KO3201_FEED"", 1.31]]",97.19
2026-04-27 11:00:00,635,1,55.32,9.56,134.53,66.63,32.51,57.23,17.0042,True,"[[""KO3201_VIB"", 17.0], [""PLANT_RATE"", 0.48]]",97.76
2026-04-27 12:00:00,636,1,55.93,9.96,132.75,64.72,33.78,57.01,23.4145,True,"[[""KO3201_VIB"", 23.41], [""KO3201_DISP"", 3.5]]",94.74
2026-04-27 13:00:00,637,1,55.28,9.75,137.47,65.45,34.57,55.97,26.5205,True,"[[""KO3201_VIB"", 26.52], [""KO3201_DISP"", 1.45]]",94.4
2026-04-27 14:00:00,638,1,55.21,9.5,138.14,66.14,35.72,55.16,32.2268,True,"[[""KO3201_VIB"", 32.23], [""PLANT_RATE"", 0.27]]",94.5
2026-04-27 15:00:00,639,1,56.61,9.32,133.34,64.38,36.32,56.18,35.1029,True,"[[""KO3201_VIB"", 35.1], [""KO3201_FEED"", 1.15]]",95.08
2026-04-27 16:00:00,640,1,55.69,9.52,145.82,65.98,37.45,55.42,40.4738,True,"[[""KO3201_VIB"", 40.47], [""KO3201_AMP"", 2.53]]",90.5
2026-04-27 17:00:00,641,1,55.36,9.59,139.92,63.6,38.08,55.72,43.8944,True,"[[""KO3201_VIB"", 43.89], [""KO3201_AMP"", 0.63]]",91.61
2026-04-27 18:00:00,642,1,52.98,9.25,140.97,63.17,39.08,57.97,48.3626,True,"[[""KO3201_VIB"", 48.36], [""PLANT_RATE"", 1.71]]",90.14
2026-04-27 19:00:00,643,1,54.08,9.51,136.7,66.65,40.38,57.14,54.9918,True,"[[""KO3201_VIB"", 54.99], [""KO3201_TEMP"", 1.23]]",90.96
2026-04-27 20:00:00,644,1,54.3,9.7,136.63,66.92,41.16,56.49,58.1208,True,"[[""KO3201_VIB"", 58.12], [""KO3201_DISP"", 0.93]]",89.49
2026-04-27 21:00:00,645,1,55.04,9.43,131.17,66.09,42.61,56.87,64.9943,True,"[[""KO3201_VIB"", 64.99], [""KO3201_AMP"", 0.71]]",90.19
2026-04-27 22:00:00,646,1,55.47,9.26,134.03,63.94,42.99,57.12,67.4989,True,"[[""KO3201_VIB"", 67.5], [""KO3201_DISP"", 1.23]]",89.9
2026-04-27 23:00:00,647,1,55.23,9.62,135.27,64.54,44.15,56.4,73.3436,True,"[[""KO3201_VIB"", 73.34], [""KO3201_DISP"", 0.68]]",88.3
2026-04-28 00:00:00,648,1,54.88,9.75,137.79,63.68,44.73,56.1,76.3214,True,"[[""KO3201_VIB"", 76.32], [""KO3201_DISP"", 1.39]]",86.31
2026-04-28 01:00:00,649,1,55.43,9.47,133.06,63.68,46.35,56.3,83.7212,True,"[[""KO3201_VIB"", 83.72], [""KO3201_TEMP"", 0.29]]",87.28
2026-04-28 02:00:00,650,1,55.45,9.53,131.71,65.23,46.93,56.7,86.5408,True,"[[""KO3201_VIB"", 86.54], [""PLANT_RATE"", 0.09]]",86.67
2026-04-28 03:00:00,651,1,56.04,9.68,139.66,64.35,47.48,58.4,88.9267,True,"[[""KO3201_VIB"", 88.93], [""PLANT_RATE"", 2.22]]",83.93
2026-04-28 04:00:00,652,1,53.12,9.59,135.48,66.7,48.86,54.94,95.5513,True,"[[""KO3201_VIB"", 95.55], [""KO3201_FEED"", 1.28]]",83.98
2026-04-28 05:00:00,653,1,56.17,9.4,138.79,62.77,49.61,56.25,99.2162,True,"[[""KO3201_VIB"", 99.22], [""KO3201_TEMP"", 1.46]]",83.48
2026-04-28 06:00:00,654,1,57.19,9.45,135.48,64.28,51.2,55.61,107.048,True,"[[""KO3201_VIB"", 107.05], [""KO3201_FEED"", 1.33]]",83.35
2026-04-28 07:00:00,655,1,56.3,9.49,132.64,63.26,51.88,58.76,110.7179,True,"[[""KO3201_VIB"", 110.72], [""PLANT_RATE"", 3.2]]",82.98
2026-04-28 08:00:00,656,1,54.59,9.51,134.97,63.14,52.36,55.63,112.6393,True,"[[""KO3201_VIB"", 112.64], [""KO3201_TEMP"", 0.6]]",82.41
2026-04-28 09:00:00,657,1,54.07,9.69,125.36,67.73,53.66,57.56,118.9235,True,"[[""KO3201_VIB"", 118.92], [""KO3201_TEMP"", 2.44]]",80.3
2026-04-28 10:00:00,658,1,54.99,9.35,138.91,67.3,54.54,56.86,122.4991,True,"[[""KO3201_VIB"", 122.5], [""KO3201_TEMP"", 0.48]]",79.6
2026-04-28 11:00:00,659,1,56.53,9.57,137.25,65.63,55.27,56.73,125.9404,True,"[[""KO3201_VIB"", 125.94], [""KO3201_FEED"", 0.53]]",79.25
2026-04-28 12:00:00,660,1,55.36,9.48,139.67,65.78,56.22,57.36,131.5082,True,"[[""KO3201_VIB"", 131.51], [""KO3201_AMP"", 0.88]]",78.05
2026-04-28 13:00:00,661,1,52.86,9.19,134.18,65.89,57.17,56.66,136.3685,True,"[[""KO3201_VIB"", 136.37], [""KO3201_DISP"", 1.91]]",78.01
2026-04-28 14:00:00,662,1,51.44,9.62,142.85,65.07,57.93,55.88,139.6965,True,"[[""KO3201_VIB"", 139.7], [""KO3201_FEED"", 3.0]]",73.64
2026-04-28 15:00:00,663,1,55.27,9.53,139.88,60.49,59.18,58.25,145.683,True,"[[""KO3201_VIB"", 145.68], [""KO3201_TEMP"", 3.36]]",75.53
2026-04-28 16:00:00,664,1,57.65,9.31,128.11,61.74,59.93,54.96,149.7815,True,"[[""KO3201_VIB"", 149.78], [""KO3201_TEMP"", 2.09]]",76.72
2026-04-28 17:00:00,665,1,53.3,9.24,128.04,65.83,60.96,54.2,154.7544,True,"[[""KO3201_VIB"", 154.75], [""PLANT_RATE"", 2.16]]",75.24
2026-04-28 18:00:00,666,1,54.35,9.65,136.06,61.28,61.84,55.37,157.8747,True,"[[""KO3201_VIB"", 157.87], [""KO3201_TEMP"", 1.72]]",73.87
2026-04-28 19:00:00,667,1,55.06,9.76,129.56,67.04,62.68,56.97,161.7529,True,"[[""KO3201_VIB"", 161.75], [""KO3201_DISP"", 1.83]]",73.25
2026-04-28 20:00:00,668,1,55.37,9.52,134.45,66.19,64.28,55.49,169.9832,True,"[[""KO3201_VIB"", 169.98], [""PLANT_RATE"", 0.14]]",73.24
2026-04-28 21:00:00,669,1,55.98,9.47,134.34,65.44,64.81,56.32,171.8201,True,"[[""KO3201_VIB"", 171.82], [""KO3201_FEED"", 0.05]]",72.93
2026-04-28 22:00:00,670,1,53.28,9.62,133.8,65.53,65.84,57.23,177.5943,True,"[[""KO3201_VIB"", 177.59], [""KO3201_FEED"", 1.5]]",70.85
2026-04-28 23:00:00,671,1,55.14,9.41,140.97,66.01,67.28,56.96,184.9676,True,"[[""KO3201_VIB"", 184.97], [""KO3201_AMP"", 0.94]]",69.02
2026-04-29 00:00:00,672,1,54.3,9.43,137.28,64.11,67.54,56.67,185.8315,True,"[[""KO3201_VIB"", 185.83], [""KO3201_TEMP"", 0.08]]",69.76
2026-04-29 01:00:00,673,1,55.92,9.65,137.56,67.66,68.31,57.42,189.8393,True,"[[""KO3201_VIB"", 189.84], [""KO3201_TEMP"", 1.24]]",36.14
2026-04-29 02:00:00,674,1,55.44,9.33,135.96,64.61,69.0,56.28,192.8763,True,"[[""KO3201_VIB"", 192.88], [""KO3201_DISP"", 0.49]]",35.0
2026-04-29 03:00:00,675,1,56.23,9.68,146.8,63.64,70.01,57.4,197.4852,True,"[[""KO3201_VIB"", 197.49], [""KO3201_AMP"", 2.89]]",33.31
2026-04-29 04:00:00,676,1,53.67,9.55,140.27,67.68,71.46,56.46,205.3056,True,"[[""KO3201_VIB"", 205.31], [""KO3201_TEMP"", 1.57]]",30.91
2026-04-29 05:00:00,677,1,53.78,9.71,132.3,65.19,71.9,57.88,206.9468,True,"[[""KO3201_VIB"", 206.95], [""PLANT_RATE"", 1.63]]",30.17
2026-04-29 06:00:00,678,1,54.22,9.22,137.25,65.47,72.67,57.43,210.1493,True,"[[""KO3201_VIB"", 210.15], [""KO3201_DISP"", 1.46]]",28.88
2026-04-29 07:00:00,679,0,0.04,0.24,3.96,40.35,25.28,0.0,84.8925,False,"[[""KO3201_DISP"", 84.89], [""PLANT_RATE"", 70.86]]",0.0
2026-04-29 08:00:00,680,0,0.02,0.27,4.31,38.21,25.22,0.13,95.3848,False,"[[""KO3201_DISP"", 95.38], [""PLANT_RATE"", 81.56]]",0.0
2026-04-29 09:00:00,681,0,0.0,0.3,5.29,37.33,25.29,0.0,117.3932,False,"[[""KO3201_DISP"", 117.39], [""KO3201_FEED"", 102.05]]",0.0
2026-04-29 10:00:00,682,0,0.01,0.26,8.33,37.12,25.18,0.04,158.9931,False,"[[""KO3201_DISP"", 158.99], [""KO3201_FEED"", 116.9]]",0.0
2026-04-29 11:00:00,683,0,0.0,0.26,5.3,41.21,25.36,0.0,163.4315,False,"[[""KO3201_DISP"", 163.43], [""KO3201_FEED"", 130.84]]",0.0
2026-04-29 12:00:00,684,0,0.01,0.23,4.87,39.47,25.31,0.16,143.3821,False,"[[""KO3201_DISP"", 143.38], [""KO3201_FEED"", 120.2]]",0.0
2026-04-29 13:00:00,685,0,0.0,0.27,3.87,39.46,25.25,0.0,143.1378,False,"[[""KO3201_DISP"", 143.14], [""KO3201_FEED"", 120.22]]",0.0
2026-04-29 14:00:00,686,0,0.02,0.34,2.62,37.71,25.26,0.06,142.7342,False,"[[""KO3201_DISP"", 142.73], [""KO3201_FEED"", 120.18]]",0.0
2026-04-29 15:00:00,687,0,0.0,0.28,6.0,40.27,25.28,0.0,143.0944,False,"[[""KO3201_DISP"", 143.09], [""KO3201_FEED"", 120.21]]",0.0
2026-04-29 16:00:00,688,0,0.03,0.28,6.38,41.94,25.34,0.05,142.5527,False,"[[""KO3201_DISP"", 142.55], [""KO3201_FEED"", 120.17]]",0.0
2026-04-29 17:00:00,689,0,0.01,0.26,3.09,36.91,25.24,0.02,142.8852,False,"[[""KO3201_DISP"", 142.89], [""KO3201_FEED"", 120.22]]",0.0
2026-04-29 18:00:00,690,0,0.0,0.27,4.07,39.63,25.3,0.0,142.9419,False,"[[""KO3201_DISP"", 142.94], [""KO3201_FEED"", 120.22]]",0.0
2026-04-29 19:00:00,691,0,0.07,0.38,5.11,41.98,25.21,0.09,142.2528,False,"[[""KO3201_DISP"", 142.25], [""KO3201_FEED"", 120.16]]",0.0
2026-04-29 20:00:00,692,0,0.1,0.37,4.84,39.79,25.31,0.0,142.2162,False,"[[""KO3201_DISP"", 142.22], [""KO3201_FEED"", 120.1]]",0.0
2026-04-29 21:00:00,693,0,0.0,0.21,5.17,41.44,25.31,0.0,143.1152,False,"[[""KO3201_DISP"", 143.12], [""KO3201_FEED"", 120.2]]",0.0
2026-04-29 22:00:00,694,0,0.0,0.41,6.01,40.53,25.29,0.04,140.9279,False,"[[""KO3201_DISP"", 140.93], [""KO3201_FEED"", 120.22]]",0.0
2026-04-29 23:00:00,695,0,0.0,0.28,6.07,34.76,25.32,0.13,143.208,False,"[[""KO3201_DISP"", 143.21], [""KO3201_FEED"", 120.21]]",0.0
2026-04-30 00:00:00,696,0,0.02,0.26,5.0,44.9,25.32,0.0,142.8938,False,"[[""KO3201_DISP"", 142.89], [""KO3201_FEED"", 120.18]]",0.0
2026-04-30 01:00:00,697,0,0.0,0.3,5.48,39.55,25.25,0.0,142.8085,False,"[[""KO3201_DISP"", 142.81], [""KO3201_FEED"", 120.21]]",0.0
2026-04-30 02:00:00,698,0,0.0,0.28,5.74,38.31,25.26,0.0,142.9447,False,"[[""KO3201_DISP"", 142.94], [""KO3201_FEED"", 120.22]]",0.0
2026-04-30 03:00:00,699,0,0.0,0.27,4.09,39.07,25.39,0.0,143.2966,False,"[[""KO3201_DISP"", 143.3], [""KO3201_FEED"", 120.22]]",0.0
2026-04-30 04:00:00,700,0,0.07,0.39,4.03,35.23,25.31,0.01,141.9056,False,"[[""KO3201_DISP"", 141.91], [""KO3201_FEED"", 120.17]]",0.0
2026-04-30 05:00:00,701,0,0.06,0.28,7.02,43.04,25.44,0.06,142.9802,False,"[[""KO3201_DISP"", 142.98], [""KO3201_FEED"", 120.16]]",0.0
2026-04-30 06:00:00,702,0,0.08,0.26,3.51,36.27,25.35,0.01,142.6064,False,"[[""KO3201_DISP"", 142.61], [""KO3201_FEED"", 120.13]]",0.0
2026-04-30 07:00:00,703,0,0.0,0.32,3.75,42.58,25.26,0.17,142.3254,False,"[[""KO3201_DISP"", 142.33], [""KO3201_FEED"", 120.21]]",0.0
2026-04-30 08:00:00,704,0,0.0,0.23,4.95,42.07,25.27,0.0,143.4759,False,"[[""KO3201_DISP"", 143.48], [""KO3201_FEED"", 120.18]]",0.0
2026-04-30 09:00:00,705,0,0.0,0.18,6.32,39.45,25.36,0.0,143.9431,False,"[[""KO3201_DISP"", 143.94], [""KO3201_FEED"", 120.19]]",0.0
2026-04-30 10:00:00,706,0,0.01,0.35,3.35,44.55,25.26,0.05,142.4108,False,"[[""KO3201_DISP"", 142.41], [""KO3201_FEED"", 120.21]]",0.0
2026-04-30 11:00:00,707,0,0.06,0.3,5.85,41.78,25.34,0.06,143.3549,False,"[[""KO3201_DISP"", 143.35], [""KO3201_FEED"", 120.14]]",0.0
2026-04-30 12:00:00,708,0,0.0,0.32,5.32,39.58,25.25,0.0,142.4784,False,"[[""KO3201_DISP"", 142.48], [""KO3201_FEED"", 120.22]]",0.0
2026-04-30 13:00:00,709,0,0.0,0.31,5.59,42.06,25.33,0.0,142.266,False,"[[""KO3201_DISP"", 142.27], [""KO3201_FEED"", 120.22]]",0.0
2026-04-30 14:00:00,710,0,0.01,0.3,4.57,38.77,25.22,0.0,142.2572,False,"[[""KO3201_DISP"", 142.26], [""KO3201_FEED"", 120.22]]",0.0
2026-04-30 15:00:00,711,1,55.31,9.63,134.42,62.88,28.9,56.66,59.4702,False,"[[""KO3201_FEED"", 59.47], [""KO3201_DISP"", 55.82]]",99.36
2026-04-30 16:00:00,712,1,54.88,9.49,136.12,66.35,28.94,57.55,82.5308,False,"[[""KO3201_TEMP"", 82.53], [""KO3201_DISP"", 46.26]]",99.58
2026-04-30 17:00:00,713,1,53.35,9.31,130.04,66.48,28.68,55.97,63.1708,False,"[[""KO3201_TEMP"", 63.17], [""KO3201_AMP"", 42.45]]",99.34
2026-04-30 18:00:00,714,1,54.73,9.46,134.0,62.47,28.64,56.18,40.724,False,"[[""KO3201_DISP"", 40.72], [""KO3201_TEMP"", 32.86]]",99.89
2026-04-30 19:00:00,715,1,55.06,9.6,137.82,64.6,28.82,58.43,16.6417,False,"[[""KO3201_TEMP"", 16.64], [""KO3201_AMP"", 12.61]]",98.56
2026-04-30 20:00:00,716,1,56.76,9.52,132.8,67.0,28.71,57.52,1.0933,False,"[[""KO3201_FEED"", 1.09], [""PLANT_RATE"", 1.02]]",99.92
2026-04-30 21:00:00,717,1,53.86,9.39,133.77,62.73,28.1,55.84,2.7799,False,"[[""KO3201_VIB"", 2.78], [""KO3201_TEMP"", 1.37]]",99.54
2026-04-30 22:00:00,718,1,56.68,9.61,133.13,65.61,28.96,55.02,0.822,False,"[[""KO3201_FEED"", 0.82], [""KO3201_DISP"", 0.5]]",99.44
2026-04-30 23:00:00,719,1,54.36,9.62,129.33,65.48,28.33,56.28,0.9778,False,"[[""KO3201_VIB"", 0.98], [""KO3201_AMP"", 0.8]]",99.14
